Pattern Number,Link
Children 49-1,https://www.garnstudio.com/pattern.php?id=12242&cid=1
Children 49-2,https://www.garnstudio.com/pattern.php?id=12243&cid=1
Children 49-3,https://www.garnstudio.com/pattern.php?id=12244&cid=1
Children 49-8,https://www.garnstudio.com/pattern.php?id=12249&cid=1
Children 49-4,https://www.garnstudio.com/pattern.php?id=12248&cid=1
Children 49-23,https://www.garnstudio.com/pattern.php?id=12247&cid=1
Baby 45-24,https://www.garnstudio.com/pattern.php?id=12252&cid=1
251-21,https://www.garnstudio.com/pattern.php?id=12241&cid=1
251-22,https://www.garnstudio.com/pattern.php?id=12240&cid=1
251-9,https://www.garnstudio.com/pattern.php?id=12239&cid=1
251-23,https://www.garnstudio.com/pattern.php?id=12238&cid=1
251-8,https://www.garnstudio.com/pattern.php?id=12237&cid=1
257-36,https://www.garnstudio.com/pattern.php?id=12250&cid=1
Extra 0-1657,https://www.garnstudio.com/pattern.php?id=12235&cid=1
Extra 0-1658,https://www.garnstudio.com/pattern.php?id=12234&cid=1
Extra 0-1659,https://www.garnstudio.com/pattern.php?id=12233&cid=1
Children 49-13,https://www.garnstudio.com/pattern.php?id=12236&cid=1
259-26,https://www.garnstudio.com/pattern.php?id=12220&cid=1
259-25,https://www.garnstudio.com/pattern.php?id=12219&cid=1
259-21,https://www.garnstudio.com/pattern.php?id=12218&cid=1
259-22,https://www.garnstudio.com/pattern.php?id=12217&cid=1
259-41,https://www.garnstudio.com/pattern.php?id=12216&cid=1
256-9,https://www.garnstudio.com/pattern.php?id=12213&cid=1
259-12,https://www.garnstudio.com/pattern.php?id=12211&cid=1
259-11,https://www.garnstudio.com/pattern.php?id=12210&cid=1
258-22,https://www.garnstudio.com/pattern.php?id=12209&cid=1
257-18,https://www.garnstudio.com/pattern.php?id=12208&cid=1
258-7,https://www.garnstudio.com/pattern.php?id=12207&cid=1
258-29,https://www.garnstudio.com/pattern.php?id=12206&cid=1
257-7,https://www.garnstudio.com/pattern.php?id=12205&cid=1
257-8,https://www.garnstudio.com/pattern.php?id=12204&cid=1
257-5,https://www.garnstudio.com/pattern.php?id=12201&cid=1
257-6,https://www.garnstudio.com/pattern.php?id=12200&cid=1
259-43,https://www.garnstudio.com/pattern.php?id=12199&cid=1
259-44,https://www.garnstudio.com/pattern.php?id=12198&cid=1
259-29,https://www.garnstudio.com/pattern.php?id=12195&cid=1
259-7,https://www.garnstudio.com/pattern.php?id=12194&cid=1
257-21,https://www.garnstudio.com/pattern.php?id=12193&cid=1
258-33,https://www.garnstudio.com/pattern.php?id=12192&cid=1
258-1,https://www.garnstudio.com/pattern.php?id=12186&cid=1
259-24,https://www.garnstudio.com/pattern.php?id=12185&cid=1
256-3,https://www.garnstudio.com/pattern.php?id=12179&cid=1
259-40,https://www.garnstudio.com/pattern.php?id=12191&cid=1
259-4,https://www.garnstudio.com/pattern.php?id=12175&cid=1
259-3,https://www.garnstudio.com/pattern.php?id=12174&cid=1
258-18,https://www.garnstudio.com/pattern.php?id=12173&cid=1
258-17,https://www.garnstudio.com/pattern.php?id=12172&cid=1
257-4,https://www.garnstudio.com/pattern.php?id=12171&cid=1
259-15,https://www.garnstudio.com/pattern.php?id=12170&cid=1
258-20,https://www.garnstudio.com/pattern.php?id=12169&cid=1
257-17,https://www.garnstudio.com/pattern.php?id=12168&cid=1
259-42,https://www.garnstudio.com/pattern.php?id=12167&cid=1
259-17,https://www.garnstudio.com/pattern.php?id=12166&cid=1
259-18,https://www.garnstudio.com/pattern.php?id=12165&cid=1
259-36,https://www.garnstudio.com/pattern.php?id=12164&cid=1
259-30,https://www.garnstudio.com/pattern.php?id=12163&cid=1
259-19,https://www.garnstudio.com/pattern.php?id=12162&cid=1
258-9,https://www.garnstudio.com/pattern.php?id=12161&cid=1
258-31,https://www.garnstudio.com/pattern.php?id=12160&cid=1
258-32,https://www.garnstudio.com/pattern.php?id=12159&cid=1
258-34,https://www.garnstudio.com/pattern.php?id=12158&cid=1
258-28,https://www.garnstudio.com/pattern.php?id=12157&cid=1
258-14,https://www.garnstudio.com/pattern.php?id=12149&cid=1
258-13,https://www.garnstudio.com/pattern.php?id=12150&cid=1
257-26,https://www.garnstudio.com/pattern.php?id=12154&cid=1
257-25,https://www.garnstudio.com/pattern.php?id=12155&cid=1
257-16,https://www.garnstudio.com/pattern.php?id=12156&cid=1
258-21,https://www.garnstudio.com/pattern.php?id=12148&cid=1
257-29,https://www.garnstudio.com/pattern.php?id=12153&cid=1
258-26,https://www.garnstudio.com/pattern.php?id=12152&cid=1
258-25,https://www.garnstudio.com/pattern.php?id=12151&cid=1
258-30,https://www.garnstudio.com/pattern.php?id=12147&cid=1
257-14,https://www.garnstudio.com/pattern.php?id=12146&cid=1
257-22,https://www.garnstudio.com/pattern.php?id=12145&cid=1
257-12,https://www.garnstudio.com/pattern.php?id=12144&cid=1
259-10,https://www.garnstudio.com/pattern.php?id=12143&cid=1
259-9,https://www.garnstudio.com/pattern.php?id=12142&cid=1
259-28,https://www.garnstudio.com/pattern.php?id=12141&cid=1
259-27,https://www.garnstudio.com/pattern.php?id=12140&cid=1
259-8,https://www.garnstudio.com/pattern.php?id=12139&cid=1
259-38,https://www.garnstudio.com/pattern.php?id=12138&cid=1
259-37,https://www.garnstudio.com/pattern.php?id=12137&cid=1
259-16,https://www.garnstudio.com/pattern.php?id=12136&cid=1
259-13,https://www.garnstudio.com/pattern.php?id=12129&cid=1
259-14,https://www.garnstudio.com/pattern.php?id=12130&cid=1
258-16,https://www.garnstudio.com/pattern.php?id=12131&cid=1
258-15,https://www.garnstudio.com/pattern.php?id=12132&cid=1
258-11,https://www.garnstudio.com/pattern.php?id=12128&cid=1
258-12,https://www.garnstudio.com/pattern.php?id=12133&cid=1
257-9,https://www.garnstudio.com/pattern.php?id=12134&cid=1
257-10,https://www.garnstudio.com/pattern.php?id=12135&cid=1
257-15,https://www.garnstudio.com/pattern.php?id=12127&cid=1
259-35,https://www.garnstudio.com/pattern.php?id=12126&cid=1
258-23,https://www.garnstudio.com/pattern.php?id=12125&cid=1
258-24,https://www.garnstudio.com/pattern.php?id=12124&cid=1
259-31,https://www.garnstudio.com/pattern.php?id=12123&cid=1
259-32,https://www.garnstudio.com/pattern.php?id=12122&cid=1
258-37,https://www.garnstudio.com/pattern.php?id=12121&cid=1
258-38,https://www.garnstudio.com/pattern.php?id=12120&cid=1
257-1,https://www.garnstudio.com/pattern.php?id=12119&cid=1
257-2,https://www.garnstudio.com/pattern.php?id=12118&cid=1
258-2,https://www.garnstudio.com/pattern.php?id=12117&cid=1
259-1,https://www.garnstudio.com/pattern.php?id=12116&cid=1
258-3,https://www.garnstudio.com/pattern.php?id=12115&cid=1
258-4,https://www.garnstudio.com/pattern.php?id=12114&cid=1
257-24,https://www.garnstudio.com/pattern.php?id=12113&cid=1
257-23,https://www.garnstudio.com/pattern.php?id=12112&cid=1
257-3,https://www.garnstudio.com/pattern.php?id=12111&cid=1
258-5,https://www.garnstudio.com/pattern.php?id=12109&cid=1
258-6,https://www.garnstudio.com/pattern.php?id=12108&cid=1
259-5,https://www.garnstudio.com/pattern.php?id=12107&cid=1
259-6,https://www.garnstudio.com/pattern.php?id=12106&cid=1
259-2,https://www.garnstudio.com/pattern.php?id=12105&cid=1
256-1,https://www.garnstudio.com/pattern.php?id=12104&cid=1
Extra 0-1654,https://www.garnstudio.com/pattern.php?id=12099&cid=1
Extra 0-1653,https://www.garnstudio.com/pattern.php?id=12098&cid=1
Extra 0-1651,https://www.garnstudio.com/pattern.php?id=12097&cid=1
Children 49-12,https://www.garnstudio.com/pattern.php?id=12091&cid=1
Children 49-11,https://www.garnstudio.com/pattern.php?id=12090&cid=1
Children 49-10,https://www.garnstudio.com/pattern.php?id=12089&cid=1
253-60,https://www.garnstudio.com/pattern.php?id=12087&cid=1
253-61,https://www.garnstudio.com/pattern.php?id=12086&cid=1
251-11,https://www.garnstudio.com/pattern.php?id=12085&cid=1
251-10,https://www.garnstudio.com/pattern.php?id=12084&cid=1
Extra 0-1644,https://www.garnstudio.com/pattern.php?id=12078&cid=1
Extra 0-1641,https://www.garnstudio.com/pattern.php?id=12075&cid=1
Children 48-24,https://www.garnstudio.com/pattern.php?id=12083&cid=1
251-17,https://www.garnstudio.com/pattern.php?id=12074&cid=1
253-58,https://www.garnstudio.com/pattern.php?id=12054&cid=1
Extra 0-1639,https://www.garnstudio.com/pattern.php?id=12072&cid=1
Extra 0-1638,https://www.garnstudio.com/pattern.php?id=12071&cid=1
Extra 0-1636,https://www.garnstudio.com/pattern.php?id=12070&cid=1
Extra 0-1634,https://www.garnstudio.com/pattern.php?id=12068&cid=1
253-57,https://www.garnstudio.com/pattern.php?id=12051&cid=1
Extra 0-1631,https://www.garnstudio.com/pattern.php?id=12057&cid=1
Extra 0-1628,https://www.garnstudio.com/pattern.php?id=12065&cid=1
Extra 0-1627,https://www.garnstudio.com/pattern.php?id=12052&cid=1
Extra 0-1625,https://www.garnstudio.com/pattern.php?id=12049&cid=1
251-12,https://www.garnstudio.com/pattern.php?id=12081&cid=1
253-53,https://www.garnstudio.com/pattern.php?id=12066&cid=1
Children 48-22,https://www.garnstudio.com/pattern.php?id=12058&cid=1
Children 48-23,https://www.garnstudio.com/pattern.php?id=12059&cid=1
253-48,https://www.garnstudio.com/pattern.php?id=12063&cid=1
253-52,https://www.garnstudio.com/pattern.php?id=12062&cid=1
253-47,https://www.garnstudio.com/pattern.php?id=12061&cid=1
253-43,https://www.garnstudio.com/pattern.php?id=12060&cid=1
Baby 45-23,https://www.garnstudio.com/pattern.php?id=12048&cid=1
Baby 45-22,https://www.garnstudio.com/pattern.php?id=12047&cid=1
Children 48-13,https://www.garnstudio.com/pattern.php?id=12046&cid=1
Children 48-15,https://www.garnstudio.com/pattern.php?id=12045&cid=1
Children 48-14,https://www.garnstudio.com/pattern.php?id=12044&cid=1
Children 48-16,https://www.garnstudio.com/pattern.php?id=12043&cid=1
Children 48-17,https://www.garnstudio.com/pattern.php?id=12042&cid=1
253-36,https://www.garnstudio.com/pattern.php?id=12040&cid=1
253-39,https://www.garnstudio.com/pattern.php?id=12039&cid=1
253-38,https://www.garnstudio.com/pattern.php?id=12038&cid=1
253-37,https://www.garnstudio.com/pattern.php?id=12037&cid=1
253-21,https://www.garnstudio.com/pattern.php?id=12035&cid=1
253-15,https://www.garnstudio.com/pattern.php?id=12034&cid=1
253-16,https://www.garnstudio.com/pattern.php?id=12033&cid=1
253-18,https://www.garnstudio.com/pattern.php?id=12032&cid=1
253-19,https://www.garnstudio.com/pattern.php?id=12031&cid=1
251-14,https://www.garnstudio.com/pattern.php?id=12029&cid=1
251-13,https://www.garnstudio.com/pattern.php?id=12041&cid=1
252-32,https://www.garnstudio.com/pattern.php?id=12030&cid=1
252-14,https://www.garnstudio.com/pattern.php?id=12028&cid=1
252-13,https://www.garnstudio.com/pattern.php?id=12027&cid=1
252-25,https://www.garnstudio.com/pattern.php?id=12026&cid=1
252-26,https://www.garnstudio.com/pattern.php?id=12025&cid=1
252-36,https://www.garnstudio.com/pattern.php?id=12024&cid=1
252-35,https://www.garnstudio.com/pattern.php?id=12023&cid=1
253-3,https://www.garnstudio.com/pattern.php?id=12022&cid=1
253-2,https://www.garnstudio.com/pattern.php?id=12021&cid=1
253-14,https://www.garnstudio.com/pattern.php?id=12020&cid=1
253-13,https://www.garnstudio.com/pattern.php?id=12019&cid=1
253-11,https://www.garnstudio.com/pattern.php?id=12018&cid=1
253-12,https://www.garnstudio.com/pattern.php?id=12017&cid=1
253-25,https://www.garnstudio.com/pattern.php?id=12016&cid=1
253-8,https://www.garnstudio.com/pattern.php?id=12015&cid=1
253-7,https://www.garnstudio.com/pattern.php?id=12014&cid=1
252-29,https://www.garnstudio.com/pattern.php?id=12013&cid=1
252-30,https://www.garnstudio.com/pattern.php?id=12012&cid=1
255-39,https://www.garnstudio.com/pattern.php?id=12011&cid=1
255-32,https://www.garnstudio.com/pattern.php?id=12010&cid=1
255-29,https://www.garnstudio.com/pattern.php?id=12009&cid=1
255-30,https://www.garnstudio.com/pattern.php?id=12008&cid=1
254-31,https://www.garnstudio.com/pattern.php?id=12007&cid=1
254-18,https://www.garnstudio.com/pattern.php?id=12006&cid=1
254-17,https://www.garnstudio.com/pattern.php?id=12005&cid=1
254-26,https://www.garnstudio.com/pattern.php?id=12004&cid=1
254-25,https://www.garnstudio.com/pattern.php?id=12003&cid=1
255-28,https://www.garnstudio.com/pattern.php?id=12002&cid=1
255-15,https://www.garnstudio.com/pattern.php?id=12001&cid=1
252-17,https://www.garnstudio.com/pattern.php?id=12000&cid=1
255-40,https://www.garnstudio.com/pattern.php?id=11997&cid=1
255-36,https://www.garnstudio.com/pattern.php?id=11994&cid=1
254-41,https://www.garnstudio.com/pattern.php?id=11993&cid=1
254-12,https://www.garnstudio.com/pattern.php?id=11992&cid=1
254-11,https://www.garnstudio.com/pattern.php?id=11991&cid=1
254-15,https://www.garnstudio.com/pattern.php?id=11990&cid=1
251-7,https://www.garnstudio.com/pattern.php?id=11989&cid=1
251-6,https://www.garnstudio.com/pattern.php?id=11999&cid=1
251-5,https://www.garnstudio.com/pattern.php?id=11998&cid=1
253-6,https://www.garnstudio.com/pattern.php?id=11988&cid=1
253-27,https://www.garnstudio.com/pattern.php?id=11987&cid=1
253-23,https://www.garnstudio.com/pattern.php?id=11986&cid=1
253-5,https://www.garnstudio.com/pattern.php?id=11985&cid=1
253-10,https://www.garnstudio.com/pattern.php?id=11984&cid=1
253-17,https://www.garnstudio.com/pattern.php?id=11983&cid=1
253-22,https://www.garnstudio.com/pattern.php?id=11982&cid=1
253-20,https://www.garnstudio.com/pattern.php?id=11981&cid=1
251-20,https://www.garnstudio.com/pattern.php?id=11980&cid=1
251-19,https://www.garnstudio.com/pattern.php?id=11976&cid=1
251-18,https://www.garnstudio.com/pattern.php?id=11978&cid=1
253-54,https://www.garnstudio.com/pattern.php?id=11977&cid=1
253-56,https://www.garnstudio.com/pattern.php?id=11979&cid=1
253-55,https://www.garnstudio.com/pattern.php?id=11975&cid=1
Children 48-21,https://www.garnstudio.com/pattern.php?id=11974&cid=1
251-15,https://www.garnstudio.com/pattern.php?id=11973&cid=1
251-16,https://www.garnstudio.com/pattern.php?id=11972&cid=1
Children 48-19,https://www.garnstudio.com/pattern.php?id=11971&cid=1
Children 48-20,https://www.garnstudio.com/pattern.php?id=11970&cid=1
253-46,https://www.garnstudio.com/pattern.php?id=11969&cid=1
253-50,https://www.garnstudio.com/pattern.php?id=11968&cid=1
253-45,https://www.garnstudio.com/pattern.php?id=11967&cid=1
253-49,https://www.garnstudio.com/pattern.php?id=11966&cid=1
253-44,https://www.garnstudio.com/pattern.php?id=11965&cid=1
253-51,https://www.garnstudio.com/pattern.php?id=11964&cid=1
253-42,https://www.garnstudio.com/pattern.php?id=11963&cid=1
255-19,https://www.garnstudio.com/pattern.php?id=11961&cid=1
255-20,https://www.garnstudio.com/pattern.php?id=11962&cid=1
252-33,https://www.garnstudio.com/pattern.php?id=11960&cid=1
252-34,https://www.garnstudio.com/pattern.php?id=11959&cid=1
252-18,https://www.garnstudio.com/pattern.php?id=11958&cid=1
252-2,https://www.garnstudio.com/pattern.php?id=11957&cid=1
255-34,https://www.garnstudio.com/pattern.php?id=11954&cid=1
255-8,https://www.garnstudio.com/pattern.php?id=11953&cid=1
255-7,https://www.garnstudio.com/pattern.php?id=11952&cid=1
251-2,https://www.garnstudio.com/pattern.php?id=11949&cid=1
251-1,https://www.garnstudio.com/pattern.php?id=11948&cid=1
251-4,https://www.garnstudio.com/pattern.php?id=11951&cid=1
251-3,https://www.garnstudio.com/pattern.php?id=11950&cid=1
255-17,https://www.garnstudio.com/pattern.php?id=11947&cid=1
255-18,https://www.garnstudio.com/pattern.php?id=11946&cid=1
255-10,https://www.garnstudio.com/pattern.php?id=11936&cid=1
254-8,https://www.garnstudio.com/pattern.php?id=11945&cid=1
252-1,https://www.garnstudio.com/pattern.php?id=11944&cid=1
254-24,https://www.garnstudio.com/pattern.php?id=11943&cid=1
254-23,https://www.garnstudio.com/pattern.php?id=11942&cid=1
254-16,https://www.garnstudio.com/pattern.php?id=11941&cid=1
255-35,https://www.garnstudio.com/pattern.php?id=11940&cid=1
255-27,https://www.garnstudio.com/pattern.php?id=11939&cid=1
254-27,https://www.garnstudio.com/pattern.php?id=11938&cid=1
254-28,https://www.garnstudio.com/pattern.php?id=11937&cid=1
253-28,https://www.garnstudio.com/pattern.php?id=11934&cid=1
253-9,https://www.garnstudio.com/pattern.php?id=11933&cid=1
253-30,https://www.garnstudio.com/pattern.php?id=11932&cid=1
253-26,https://www.garnstudio.com/pattern.php?id=11931&cid=1
253-40,https://www.garnstudio.com/pattern.php?id=11930&cid=1
253-29,https://www.garnstudio.com/pattern.php?id=11929&cid=1
253-32,https://www.garnstudio.com/pattern.php?id=11928&cid=1
253-4,https://www.garnstudio.com/pattern.php?id=11927&cid=1
255-31,https://www.garnstudio.com/pattern.php?id=11926&cid=1
255-21,https://www.garnstudio.com/pattern.php?id=11925&cid=1
255-22,https://www.garnstudio.com/pattern.php?id=11924&cid=1
252-39,https://www.garnstudio.com/pattern.php?id=11922&cid=1
252-40,https://www.garnstudio.com/pattern.php?id=11921&cid=1
252-12,https://www.garnstudio.com/pattern.php?id=11920&cid=1
252-11,https://www.garnstudio.com/pattern.php?id=11919&cid=1
252-15,https://www.garnstudio.com/pattern.php?id=11918&cid=1
252-24,https://www.garnstudio.com/pattern.php?id=11917&cid=1
252-23,https://www.garnstudio.com/pattern.php?id=11916&cid=1
Children 48-12,https://www.garnstudio.com/pattern.php?id=11851&cid=1
Children 48-11,https://www.garnstudio.com/pattern.php?id=11850&cid=1
Children 48-10,https://www.garnstudio.com/pattern.php?id=11849&cid=1
Children 48-9,https://www.garnstudio.com/pattern.php?id=11848&cid=1
254-14,https://www.garnstudio.com/pattern.php?id=11902&cid=1
254-13,https://www.garnstudio.com/pattern.php?id=11903&cid=1
254-3,https://www.garnstudio.com/pattern.php?id=11909&cid=1
254-4,https://www.garnstudio.com/pattern.php?id=11910&cid=1
254-2,https://www.garnstudio.com/pattern.php?id=11908&cid=1
254-1,https://www.garnstudio.com/pattern.php?id=11907&cid=1
254-9,https://www.garnstudio.com/pattern.php?id=11904&cid=1
254-10,https://www.garnstudio.com/pattern.php?id=11905&cid=1
254-29,https://www.garnstudio.com/pattern.php?id=11906&cid=1
254-30,https://www.garnstudio.com/pattern.php?id=11915&cid=1
255-25,https://www.garnstudio.com/pattern.php?id=11914&cid=1
255-26,https://www.garnstudio.com/pattern.php?id=11913&cid=1
255-24,https://www.garnstudio.com/pattern.php?id=11912&cid=1
255-23,https://www.garnstudio.com/pattern.php?id=11911&cid=1
252-22,https://www.garnstudio.com/pattern.php?id=11901&cid=1
252-27,https://www.garnstudio.com/pattern.php?id=11900&cid=1
252-9,https://www.garnstudio.com/pattern.php?id=11899&cid=1
252-10,https://www.garnstudio.com/pattern.php?id=11898&cid=1
252-37,https://www.garnstudio.com/pattern.php?id=11897&cid=1
252-38,https://www.garnstudio.com/pattern.php?id=11896&cid=1
252-21,https://www.garnstudio.com/pattern.php?id=11895&cid=1
254-40,https://www.garnstudio.com/pattern.php?id=11894&cid=1
254-39,https://www.garnstudio.com/pattern.php?id=11893&cid=1
254-33,https://www.garnstudio.com/pattern.php?id=11892&cid=1
254-37,https://www.garnstudio.com/pattern.php?id=11891&cid=1
252-28,https://www.garnstudio.com/pattern.php?id=11888&cid=1
252-31,https://www.garnstudio.com/pattern.php?id=11890&cid=1
255-9,https://www.garnstudio.com/pattern.php?id=11887&cid=1
254-38,https://www.garnstudio.com/pattern.php?id=11889&cid=1
254-34,https://www.garnstudio.com/pattern.php?id=11886&cid=1
255-33,https://www.garnstudio.com/pattern.php?id=11884&cid=1
255-14,https://www.garnstudio.com/pattern.php?id=11883&cid=1
255-13,https://www.garnstudio.com/pattern.php?id=11882&cid=1
255-2,https://www.garnstudio.com/pattern.php?id=11885&cid=1
255-16,https://www.garnstudio.com/pattern.php?id=11881&cid=1
255-11,https://www.garnstudio.com/pattern.php?id=11880&cid=1
255-12,https://www.garnstudio.com/pattern.php?id=11879&cid=1
255-6,https://www.garnstudio.com/pattern.php?id=11878&cid=1
255-5,https://www.garnstudio.com/pattern.php?id=11877&cid=1
252-5,https://www.garnstudio.com/pattern.php?id=11876&cid=1
252-6,https://www.garnstudio.com/pattern.php?id=11875&cid=1
253-35,https://www.garnstudio.com/pattern.php?id=11874&cid=1
253-31,https://www.garnstudio.com/pattern.php?id=11873&cid=1
253-33,https://www.garnstudio.com/pattern.php?id=11872&cid=1
253-34,https://www.garnstudio.com/pattern.php?id=11871&cid=1
253-41,https://www.garnstudio.com/pattern.php?id=11870&cid=1
255-1,https://www.garnstudio.com/pattern.php?id=11869&cid=1
255-3,https://www.garnstudio.com/pattern.php?id=11868&cid=1
255-4,https://www.garnstudio.com/pattern.php?id=11867&cid=1
254-22,https://www.garnstudio.com/pattern.php?id=11866&cid=1
254-21,https://www.garnstudio.com/pattern.php?id=11865&cid=1
254-36,https://www.garnstudio.com/pattern.php?id=11864&cid=1
254-35,https://www.garnstudio.com/pattern.php?id=11863&cid=1
254-20,https://www.garnstudio.com/pattern.php?id=11862&cid=1
254-5,https://www.garnstudio.com/pattern.php?id=11861&cid=1
254-6,https://www.garnstudio.com/pattern.php?id=11860&cid=1
254-42,https://www.garnstudio.com/pattern.php?id=11859&cid=1
254-19,https://www.garnstudio.com/pattern.php?id=11858&cid=1
252-8,https://www.garnstudio.com/pattern.php?id=11857&cid=1
252-7,https://www.garnstudio.com/pattern.php?id=11856&cid=1
254-7,https://www.garnstudio.com/pattern.php?id=11855&cid=1
252-3,https://www.garnstudio.com/pattern.php?id=11854&cid=1
252-4,https://www.garnstudio.com/pattern.php?id=11853&cid=1
252-16,https://www.garnstudio.com/pattern.php?id=11852&cid=1
Children 48-8,https://www.garnstudio.com/pattern.php?id=11847&cid=1
Children 48-7,https://www.garnstudio.com/pattern.php?id=11846&cid=1
247-24,https://www.garnstudio.com/pattern.php?id=11841&cid=1
247-23,https://www.garnstudio.com/pattern.php?id=11840&cid=1
250-23,https://www.garnstudio.com/pattern.php?id=11839&cid=1
249-24,https://www.garnstudio.com/pattern.php?id=11833&cid=1
249-36,https://www.garnstudio.com/pattern.php?id=11837&cid=1
249-25,https://www.garnstudio.com/pattern.php?id=11834&cid=1
247-12,https://www.garnstudio.com/pattern.php?id=11832&cid=1
250-28,https://www.garnstudio.com/pattern.php?id=11826&cid=1
250-27,https://www.garnstudio.com/pattern.php?id=11825&cid=1
248-18,https://www.garnstudio.com/pattern.php?id=11820&cid=1
248-11,https://www.garnstudio.com/pattern.php?id=11818&cid=1
248-21,https://www.garnstudio.com/pattern.php?id=11821&cid=1
250-15,https://www.garnstudio.com/pattern.php?id=11823&cid=1
Children 48-1,https://www.garnstudio.com/pattern.php?id=11815&cid=1
Children 48-2,https://www.garnstudio.com/pattern.php?id=11816&cid=1
Children 48-3,https://www.garnstudio.com/pattern.php?id=11827&cid=1
250-17,https://www.garnstudio.com/pattern.php?id=11810&cid=1
250-18,https://www.garnstudio.com/pattern.php?id=11811&cid=1
250-32,https://www.garnstudio.com/pattern.php?id=11814&cid=1
250-30,https://www.garnstudio.com/pattern.php?id=11813&cid=1
250-22,https://www.garnstudio.com/pattern.php?id=11812&cid=1
248-34,https://www.garnstudio.com/pattern.php?id=11809&cid=1
249-23,https://www.garnstudio.com/pattern.php?id=11805&cid=1
250-7,https://www.garnstudio.com/pattern.php?id=11806&cid=1
248-19,https://www.garnstudio.com/pattern.php?id=11797&cid=1
248-20,https://www.garnstudio.com/pattern.php?id=11802&cid=1
248-29,https://www.garnstudio.com/pattern.php?id=11800&cid=1
248-30,https://www.garnstudio.com/pattern.php?id=11801&cid=1
250-31,https://www.garnstudio.com/pattern.php?id=11807&cid=1
248-27,https://www.garnstudio.com/pattern.php?id=11798&cid=1
248-28,https://www.garnstudio.com/pattern.php?id=11799&cid=1
249-22,https://www.garnstudio.com/pattern.php?id=11804&cid=1
249-21,https://www.garnstudio.com/pattern.php?id=11803&cid=1
247-20,https://www.garnstudio.com/pattern.php?id=11796&cid=1
247-19,https://www.garnstudio.com/pattern.php?id=11795&cid=1
247-18,https://www.garnstudio.com/pattern.php?id=11794&cid=1
247-17,https://www.garnstudio.com/pattern.php?id=11793&cid=1
247-16,https://www.garnstudio.com/pattern.php?id=11792&cid=1
247-15,https://www.garnstudio.com/pattern.php?id=11791&cid=1
247-14,https://www.garnstudio.com/pattern.php?id=11790&cid=1
247-13,https://www.garnstudio.com/pattern.php?id=11789&cid=1
248-36,https://www.garnstudio.com/pattern.php?id=11786&cid=1
249-19,https://www.garnstudio.com/pattern.php?id=11782&cid=1
249-20,https://www.garnstudio.com/pattern.php?id=11783&cid=1
249-13,https://www.garnstudio.com/pattern.php?id=11781&cid=1
249-3,https://www.garnstudio.com/pattern.php?id=11778&cid=1
249-27,https://www.garnstudio.com/pattern.php?id=11784&cid=1
249-10,https://www.garnstudio.com/pattern.php?id=11780&cid=1
249-9,https://www.garnstudio.com/pattern.php?id=11779&cid=1
250-40,https://www.garnstudio.com/pattern.php?id=11785&cid=1
250-4,https://www.garnstudio.com/pattern.php?id=11788&cid=1
250-3,https://www.garnstudio.com/pattern.php?id=11787&cid=1
247-21,https://www.garnstudio.com/pattern.php?id=11777&cid=1
Children 48-18,https://www.garnstudio.com/pattern.php?id=11776&cid=1
246-46,https://www.garnstudio.com/pattern.php?id=11775&cid=1
247-22,https://www.garnstudio.com/pattern.php?id=11774&cid=1
Children 48-5,https://www.garnstudio.com/pattern.php?id=11763&cid=1
Children 48-6,https://www.garnstudio.com/pattern.php?id=11764&cid=1
Children 48-4,https://www.garnstudio.com/pattern.php?id=11762&cid=1
249-15,https://www.garnstudio.com/pattern.php?id=11756&cid=1
249-16,https://www.garnstudio.com/pattern.php?id=11757&cid=1
249-33,https://www.garnstudio.com/pattern.php?id=11758&cid=1
249-34,https://www.garnstudio.com/pattern.php?id=11759&cid=1
248-32,https://www.garnstudio.com/pattern.php?id=11755&cid=1
248-31,https://www.garnstudio.com/pattern.php?id=11754&cid=1
248-12,https://www.garnstudio.com/pattern.php?id=11753&cid=1
248-14,https://www.garnstudio.com/pattern.php?id=11749&cid=1
250-34,https://www.garnstudio.com/pattern.php?id=11752&cid=1
249-30,https://www.garnstudio.com/pattern.php?id=11760&cid=1
250-8,https://www.garnstudio.com/pattern.php?id=11761&cid=1
250-29,https://www.garnstudio.com/pattern.php?id=11765&cid=1
250-19,https://www.garnstudio.com/pattern.php?id=11750&cid=1
250-20,https://www.garnstudio.com/pattern.php?id=11751&cid=1
250-21,https://www.garnstudio.com/pattern.php?id=11766&cid=1
Baby 46-10,https://www.garnstudio.com/pattern.php?id=11722&cid=1
Baby 46-11,https://www.garnstudio.com/pattern.php?id=11720&cid=1
Baby 46-13,https://www.garnstudio.com/pattern.php?id=11718&cid=1
248-6,https://www.garnstudio.com/pattern.php?id=11743&cid=1
248-5,https://www.garnstudio.com/pattern.php?id=11742&cid=1
249-7,https://www.garnstudio.com/pattern.php?id=11747&cid=1
249-8,https://www.garnstudio.com/pattern.php?id=11748&cid=1
249-14,https://www.garnstudio.com/pattern.php?id=11731&cid=1
250-11,https://www.garnstudio.com/pattern.php?id=11734&cid=1
250-25,https://www.garnstudio.com/pattern.php?id=11744&cid=1
250-37,https://www.garnstudio.com/pattern.php?id=11736&cid=1
250-38,https://www.garnstudio.com/pattern.php?id=11737&cid=1
250-12,https://www.garnstudio.com/pattern.php?id=11735&cid=1
249-35,https://www.garnstudio.com/pattern.php?id=11732&cid=1
249-12,https://www.garnstudio.com/pattern.php?id=11738&cid=1
250-1,https://www.garnstudio.com/pattern.php?id=11740&cid=1
250-2,https://www.garnstudio.com/pattern.php?id=11741&cid=1
250-6,https://www.garnstudio.com/pattern.php?id=11729&cid=1
250-5,https://www.garnstudio.com/pattern.php?id=11728&cid=1
249-18,https://www.garnstudio.com/pattern.php?id=11727&cid=1
249-17,https://www.garnstudio.com/pattern.php?id=11726&cid=1
248-3,https://www.garnstudio.com/pattern.php?id=11739&cid=1
250-24,https://www.garnstudio.com/pattern.php?id=11730&cid=1
248-7,https://www.garnstudio.com/pattern.php?id=11723&cid=1
248-17,https://www.garnstudio.com/pattern.php?id=11724&cid=1
248-23,https://www.garnstudio.com/pattern.php?id=11715&cid=1
248-24,https://www.garnstudio.com/pattern.php?id=11716&cid=1
248-33,https://www.garnstudio.com/pattern.php?id=11725&cid=1
249-28,https://www.garnstudio.com/pattern.php?id=11717&cid=1
248-10,https://www.garnstudio.com/pattern.php?id=11700&cid=1
248-9,https://www.garnstudio.com/pattern.php?id=11699&cid=1
250-33,https://www.garnstudio.com/pattern.php?id=11707&cid=1
250-16,https://www.garnstudio.com/pattern.php?id=11706&cid=1
248-13,https://www.garnstudio.com/pattern.php?id=11701&cid=1
248-35,https://www.garnstudio.com/pattern.php?id=11702&cid=1
250-39,https://www.garnstudio.com/pattern.php?id=11705&cid=1
250-35,https://www.garnstudio.com/pattern.php?id=11703&cid=1
250-36,https://www.garnstudio.com/pattern.php?id=11704&cid=1
247-1,https://www.garnstudio.com/pattern.php?id=11695&cid=1
249-1,https://www.garnstudio.com/pattern.php?id=11692&cid=1
249-2,https://www.garnstudio.com/pattern.php?id=11693&cid=1
248-4,https://www.garnstudio.com/pattern.php?id=11709&cid=1
248-2,https://www.garnstudio.com/pattern.php?id=11710&cid=1
249-4,https://www.garnstudio.com/pattern.php?id=11712&cid=1
249-11,https://www.garnstudio.com/pattern.php?id=11694&cid=1
249-6,https://www.garnstudio.com/pattern.php?id=11714&cid=1
249-5,https://www.garnstudio.com/pattern.php?id=11713&cid=1
250-13,https://www.garnstudio.com/pattern.php?id=11696&cid=1
250-14,https://www.garnstudio.com/pattern.php?id=11697&cid=1
248-25,https://www.garnstudio.com/pattern.php?id=11690&cid=1
248-26,https://www.garnstudio.com/pattern.php?id=11691&cid=1
248-15,https://www.garnstudio.com/pattern.php?id=11688&cid=1
248-16,https://www.garnstudio.com/pattern.php?id=11689&cid=1
248-8,https://www.garnstudio.com/pattern.php?id=11708&cid=1
Children 47-33,https://www.garnstudio.com/pattern.php?id=11711&cid=1
246-45,https://www.garnstudio.com/pattern.php?id=11687&cid=1
246-41,https://www.garnstudio.com/pattern.php?id=11682&cid=1
246-11,https://www.garnstudio.com/pattern.php?id=11681&cid=1
246-33,https://www.garnstudio.com/pattern.php?id=11680&cid=1
246-32,https://www.garnstudio.com/pattern.php?id=11679&cid=1
246-14,https://www.garnstudio.com/pattern.php?id=11678&cid=1
246-13,https://www.garnstudio.com/pattern.php?id=11677&cid=1
Extra 0-1622,https://www.garnstudio.com/pattern.php?id=11686&cid=1
Extra 0-1621,https://www.garnstudio.com/pattern.php?id=11685&cid=1
Extra 0-1620,https://www.garnstudio.com/pattern.php?id=11684&cid=1
Baby 45-4,https://www.garnstudio.com/pattern.php?id=11676&cid=1
Baby 45-18,https://www.garnstudio.com/pattern.php?id=11675&cid=1
Baby 45-13,https://www.garnstudio.com/pattern.php?id=11674&cid=1
Baby 45-9,https://www.garnstudio.com/pattern.php?id=11673&cid=1
Baby 45-7,https://www.garnstudio.com/pattern.php?id=11672&cid=1
Baby 45-21,https://www.garnstudio.com/pattern.php?id=11671&cid=1
Extra 0-1616,https://www.garnstudio.com/pattern.php?id=11663&cid=1
Extra 0-1615,https://www.garnstudio.com/pattern.php?id=11662&cid=1
Extra 0-1613,https://www.garnstudio.com/pattern.php?id=11660&cid=1
Baby 46-21,https://www.garnstudio.com/pattern.php?id=11649&cid=1
242-68,https://www.garnstudio.com/pattern.php?id=11658&cid=1
Extra 0-1609,https://www.garnstudio.com/pattern.php?id=11648&cid=1
Children 47-34,https://www.garnstudio.com/pattern.php?id=11670&cid=1
242-67,https://www.garnstudio.com/pattern.php?id=11653&cid=1
Extra 0-1608,https://www.garnstudio.com/pattern.php?id=11656&cid=1
Extra 0-1607,https://www.garnstudio.com/pattern.php?id=11655&cid=1
246-44,https://www.garnstudio.com/pattern.php?id=11667&cid=1
246-43,https://www.garnstudio.com/pattern.php?id=11666&cid=1
242-66,https://www.garnstudio.com/pattern.php?id=11647&cid=1
Extra 0-1603,https://www.garnstudio.com/pattern.php?id=11646&cid=1
242-65,https://www.garnstudio.com/pattern.php?id=11645&cid=1
Extra 0-1601,https://www.garnstudio.com/pattern.php?id=11644&cid=1
245-31,https://www.garnstudio.com/pattern.php?id=11643&cid=1
Baby 45-19,https://www.garnstudio.com/pattern.php?id=11634&cid=1
246-17,https://www.garnstudio.com/pattern.php?id=11641&cid=1
242-49,https://www.garnstudio.com/pattern.php?id=11640&cid=1
246-26,https://www.garnstudio.com/pattern.php?id=11642&cid=1
242-22,https://www.garnstudio.com/pattern.php?id=11639&cid=1
245-30,https://www.garnstudio.com/pattern.php?id=11638&cid=1
Baby 46-20,https://www.garnstudio.com/pattern.php?id=11636&cid=1
Baby 46-17,https://www.garnstudio.com/pattern.php?id=11635&cid=1
242-56,https://www.garnstudio.com/pattern.php?id=11633&cid=1
246-29,https://www.garnstudio.com/pattern.php?id=11619&cid=1
246-30,https://www.garnstudio.com/pattern.php?id=11618&cid=1
246-22,https://www.garnstudio.com/pattern.php?id=11615&cid=1
245-24,https://www.garnstudio.com/pattern.php?id=11629&cid=1
243-25,https://www.garnstudio.com/pattern.php?id=11614&cid=1
243-21,https://www.garnstudio.com/pattern.php?id=11613&cid=1
Children 47-27,https://www.garnstudio.com/pattern.php?id=11628&cid=1
Children 47-26,https://www.garnstudio.com/pattern.php?id=11627&cid=1
Children 47-25,https://www.garnstudio.com/pattern.php?id=11626&cid=1
Children 47-24,https://www.garnstudio.com/pattern.php?id=11625&cid=1
243-20,https://www.garnstudio.com/pattern.php?id=11607&cid=1
245-13,https://www.garnstudio.com/pattern.php?id=11612&cid=1
245-35,https://www.garnstudio.com/pattern.php?id=11611&cid=1
245-26,https://www.garnstudio.com/pattern.php?id=11610&cid=1
245-27,https://www.garnstudio.com/pattern.php?id=11609&cid=1
245-21,https://www.garnstudio.com/pattern.php?id=11608&cid=1
Children 47-18,https://www.garnstudio.com/pattern.php?id=11624&cid=1
Children 47-17,https://www.garnstudio.com/pattern.php?id=11623&cid=1
Children 47-19,https://www.garnstudio.com/pattern.php?id=11622&cid=1
246-42,https://www.garnstudio.com/pattern.php?id=11621&cid=1
243-35,https://www.garnstudio.com/pattern.php?id=11620&cid=1
Children 47-16,https://www.garnstudio.com/pattern.php?id=11605&cid=1
Children 47-15,https://www.garnstudio.com/pattern.php?id=11604&cid=1
Children 47-14,https://www.garnstudio.com/pattern.php?id=11603&cid=1
Children 47-13,https://www.garnstudio.com/pattern.php?id=11602&cid=1
245-11,https://www.garnstudio.com/pattern.php?id=11601&cid=1
242-63,https://www.garnstudio.com/pattern.php?id=11600&cid=1
245-12,https://www.garnstudio.com/pattern.php?id=11599&cid=1
242-48,https://www.garnstudio.com/pattern.php?id=11598&cid=1
242-60,https://www.garnstudio.com/pattern.php?id=11597&cid=1
242-31,https://www.garnstudio.com/pattern.php?id=11596&cid=1
242-38,https://www.garnstudio.com/pattern.php?id=11595&cid=1
242-37,https://www.garnstudio.com/pattern.php?id=11594&cid=1
242-55,https://www.garnstudio.com/pattern.php?id=11593&cid=1
242-46,https://www.garnstudio.com/pattern.php?id=11592&cid=1
242-40,https://www.garnstudio.com/pattern.php?id=11591&cid=1
242-35,https://www.garnstudio.com/pattern.php?id=11590&cid=1
242-36,https://www.garnstudio.com/pattern.php?id=11589&cid=1
244-25,https://www.garnstudio.com/pattern.php?id=11588&cid=1
244-26,https://www.garnstudio.com/pattern.php?id=11587&cid=1
242-52,https://www.garnstudio.com/pattern.php?id=11586&cid=1
242-44,https://www.garnstudio.com/pattern.php?id=11585&cid=1
245-25,https://www.garnstudio.com/pattern.php?id=11584&cid=1
243-23,https://www.garnstudio.com/pattern.php?id=11583&cid=1
244-32,https://www.garnstudio.com/pattern.php?id=11582&cid=1
244-31,https://www.garnstudio.com/pattern.php?id=11581&cid=1
242-51,https://www.garnstudio.com/pattern.php?id=11580&cid=1
242-16,https://www.garnstudio.com/pattern.php?id=11567&cid=1
242-25,https://www.garnstudio.com/pattern.php?id=11571&cid=1
242-26,https://www.garnstudio.com/pattern.php?id=11572&cid=1
242-41,https://www.garnstudio.com/pattern.php?id=11574&cid=1
242-42,https://www.garnstudio.com/pattern.php?id=11575&cid=1
242-17,https://www.garnstudio.com/pattern.php?id=11570&cid=1
242-18,https://www.garnstudio.com/pattern.php?id=11569&cid=1
242-61,https://www.garnstudio.com/pattern.php?id=11573&cid=1
242-59,https://www.garnstudio.com/pattern.php?id=11568&cid=1
242-50,https://www.garnstudio.com/pattern.php?id=11566&cid=1
246-21,https://www.garnstudio.com/pattern.php?id=11579&cid=1
246-19,https://www.garnstudio.com/pattern.php?id=11578&cid=1
246-20,https://www.garnstudio.com/pattern.php?id=11577&cid=1
245-20,https://www.garnstudio.com/pattern.php?id=11565&cid=1
245-17,https://www.garnstudio.com/pattern.php?id=11564&cid=1
245-10,https://www.garnstudio.com/pattern.php?id=11563&cid=1
245-9,https://www.garnstudio.com/pattern.php?id=11562&cid=1
244-28,https://www.garnstudio.com/pattern.php?id=11561&cid=1
244-29,https://www.garnstudio.com/pattern.php?id=11560&cid=1
243-28,https://www.garnstudio.com/pattern.php?id=11559&cid=1
243-26,https://www.garnstudio.com/pattern.php?id=11558&cid=1
Children 47-32,https://www.garnstudio.com/pattern.php?id=11606&cid=1
246-2,https://www.garnstudio.com/pattern.php?id=11557&cid=1
246-8,https://www.garnstudio.com/pattern.php?id=11555&cid=1
Children 47-23,https://www.garnstudio.com/pattern.php?id=11533&cid=1
Children 47-22,https://www.garnstudio.com/pattern.php?id=11532&cid=1
Children 47-21,https://www.garnstudio.com/pattern.php?id=11531&cid=1
Children 47-20,https://www.garnstudio.com/pattern.php?id=11530&cid=1
246-15,https://www.garnstudio.com/pattern.php?id=11529&cid=1
246-16,https://www.garnstudio.com/pattern.php?id=11528&cid=1
Children 47-30,https://www.garnstudio.com/pattern.php?id=11550&cid=1
Children 47-29,https://www.garnstudio.com/pattern.php?id=11549&cid=1
Children 47-28,https://www.garnstudio.com/pattern.php?id=11548&cid=1
246-40,https://www.garnstudio.com/pattern.php?id=11547&cid=1
244-45,https://www.garnstudio.com/pattern.php?id=11546&cid=1
244-43,https://www.garnstudio.com/pattern.php?id=11545&cid=1
244-44,https://www.garnstudio.com/pattern.php?id=11544&cid=1
246-35,https://www.garnstudio.com/pattern.php?id=11527&cid=1
246-39,https://www.garnstudio.com/pattern.php?id=11554&cid=1
246-38,https://www.garnstudio.com/pattern.php?id=11553&cid=1
246-36,https://www.garnstudio.com/pattern.php?id=11552&cid=1
246-37,https://www.garnstudio.com/pattern.php?id=11551&cid=1
246-34,https://www.garnstudio.com/pattern.php?id=11526&cid=1
244-42,https://www.garnstudio.com/pattern.php?id=11542&cid=1
244-40,https://www.garnstudio.com/pattern.php?id=11539&cid=1
244-39,https://www.garnstudio.com/pattern.php?id=11538&cid=1
244-38,https://www.garnstudio.com/pattern.php?id=11537&cid=1
244-37,https://www.garnstudio.com/pattern.php?id=11536&cid=1
244-36,https://www.garnstudio.com/pattern.php?id=11534&cid=1
244-35,https://www.garnstudio.com/pattern.php?id=11540&cid=1
244-34,https://www.garnstudio.com/pattern.php?id=11543&cid=1
244-33,https://www.garnstudio.com/pattern.php?id=11535&cid=1
245-5,https://www.garnstudio.com/pattern.php?id=11525&cid=1
245-6,https://www.garnstudio.com/pattern.php?id=11524&cid=1
244-9,https://www.garnstudio.com/pattern.php?id=11522&cid=1
244-10,https://www.garnstudio.com/pattern.php?id=11521&cid=1
244-23,https://www.garnstudio.com/pattern.php?id=11520&cid=1
244-24,https://www.garnstudio.com/pattern.php?id=11519&cid=1
242-19,https://www.garnstudio.com/pattern.php?id=11518&cid=1
245-19,https://www.garnstudio.com/pattern.php?id=11517&cid=1
242-20,https://www.garnstudio.com/pattern.php?id=11516&cid=1
245-18,https://www.garnstudio.com/pattern.php?id=11515&cid=1
246-9,https://www.garnstudio.com/pattern.php?id=11514&cid=1
246-10,https://www.garnstudio.com/pattern.php?id=11513&cid=1
246-4,https://www.garnstudio.com/pattern.php?id=11512&cid=1
246-3,https://www.garnstudio.com/pattern.php?id=11511&cid=1
245-34,https://www.garnstudio.com/pattern.php?id=11506&cid=1
245-33,https://www.garnstudio.com/pattern.php?id=11505&cid=1
245-32,https://www.garnstudio.com/pattern.php?id=11504&cid=1
242-5,https://www.garnstudio.com/pattern.php?id=11503&cid=1
242-30,https://www.garnstudio.com/pattern.php?id=11523&cid=1
242-45,https://www.garnstudio.com/pattern.php?id=11508&cid=1
242-47,https://www.garnstudio.com/pattern.php?id=11507&cid=1
242-9,https://www.garnstudio.com/pattern.php?id=11502&cid=1
242-58,https://www.garnstudio.com/pattern.php?id=11497&cid=1
242-62,https://www.garnstudio.com/pattern.php?id=11501&cid=1
242-32,https://www.garnstudio.com/pattern.php?id=11500&cid=1
242-54,https://www.garnstudio.com/pattern.php?id=11499&cid=1
242-53,https://www.garnstudio.com/pattern.php?id=11498&cid=1
242-15,https://www.garnstudio.com/pattern.php?id=11495&cid=1
242-24,https://www.garnstudio.com/pattern.php?id=11494&cid=1
242-10,https://www.garnstudio.com/pattern.php?id=11493&cid=1
242-43,https://www.garnstudio.com/pattern.php?id=11492&cid=1
243-12,https://www.garnstudio.com/pattern.php?id=11487&cid=1
243-19,https://www.garnstudio.com/pattern.php?id=11488&cid=1
244-7,https://www.garnstudio.com/pattern.php?id=11486&cid=1
244-18,https://www.garnstudio.com/pattern.php?id=11485&cid=1
245-23,https://www.garnstudio.com/pattern.php?id=11484&cid=1
244-17,https://www.garnstudio.com/pattern.php?id=11491&cid=1
Children 47-12,https://www.garnstudio.com/pattern.php?id=11483&cid=1
Children 47-11,https://www.garnstudio.com/pattern.php?id=11482&cid=1
Children 47-10,https://www.garnstudio.com/pattern.php?id=11481&cid=1
Children 47-9,https://www.garnstudio.com/pattern.php?id=11480&cid=1
246-1,https://www.garnstudio.com/pattern.php?id=11478&cid=1
246-7,https://www.garnstudio.com/pattern.php?id=11479&cid=1
246-6,https://www.garnstudio.com/pattern.php?id=11477&cid=1
246-12,https://www.garnstudio.com/pattern.php?id=11476&cid=1
246-31,https://www.garnstudio.com/pattern.php?id=11475&cid=1
246-27,https://www.garnstudio.com/pattern.php?id=11474&cid=1
246-25,https://www.garnstudio.com/pattern.php?id=11473&cid=1
246-28,https://www.garnstudio.com/pattern.php?id=11472&cid=1
246-18,https://www.garnstudio.com/pattern.php?id=11471&cid=1
243-33,https://www.garnstudio.com/pattern.php?id=11470&cid=1
244-30,https://www.garnstudio.com/pattern.php?id=11469&cid=1
244-19,https://www.garnstudio.com/pattern.php?id=11468&cid=1
244-20,https://www.garnstudio.com/pattern.php?id=11467&cid=1
243-9,https://www.garnstudio.com/pattern.php?id=11466&cid=1
244-13,https://www.garnstudio.com/pattern.php?id=11465&cid=1
243-29,https://www.garnstudio.com/pattern.php?id=11464&cid=1
244-16,https://www.garnstudio.com/pattern.php?id=11462&cid=1
243-16,https://www.garnstudio.com/pattern.php?id=11461&cid=1
245-22,https://www.garnstudio.com/pattern.php?id=11460&cid=1
242-7,https://www.garnstudio.com/pattern.php?id=11457&cid=1
242-11,https://www.garnstudio.com/pattern.php?id=11458&cid=1
242-8,https://www.garnstudio.com/pattern.php?id=11459&cid=1
242-28,https://www.garnstudio.com/pattern.php?id=11456&cid=1
242-27,https://www.garnstudio.com/pattern.php?id=11455&cid=1
242-64,https://www.garnstudio.com/pattern.php?id=11454&cid=1
242-57,https://www.garnstudio.com/pattern.php?id=11453&cid=1
242-21,https://www.garnstudio.com/pattern.php?id=11447&cid=1
243-8,https://www.garnstudio.com/pattern.php?id=11446&cid=1
243-7,https://www.garnstudio.com/pattern.php?id=11449&cid=1
243-18,https://www.garnstudio.com/pattern.php?id=11445&cid=1
243-15,https://www.garnstudio.com/pattern.php?id=11444&cid=1
243-10,https://www.garnstudio.com/pattern.php?id=11443&cid=1
243-32,https://www.garnstudio.com/pattern.php?id=11442&cid=1
243-31,https://www.garnstudio.com/pattern.php?id=11450&cid=1
245-14,https://www.garnstudio.com/pattern.php?id=11441&cid=1
245-15,https://www.garnstudio.com/pattern.php?id=11451&cid=1
243-1,https://www.garnstudio.com/pattern.php?id=11437&cid=1
243-2,https://www.garnstudio.com/pattern.php?id=11436&cid=1
243-13,https://www.garnstudio.com/pattern.php?id=11435&cid=1
243-27,https://www.garnstudio.com/pattern.php?id=11434&cid=1
243-24,https://www.garnstudio.com/pattern.php?id=11433&cid=1
244-21,https://www.garnstudio.com/pattern.php?id=11432&cid=1
244-15,https://www.garnstudio.com/pattern.php?id=11440&cid=1
244-8,https://www.garnstudio.com/pattern.php?id=11431&cid=1
244-11,https://www.garnstudio.com/pattern.php?id=11439&cid=1
244-12,https://www.garnstudio.com/pattern.php?id=11430&cid=1
243-17,https://www.garnstudio.com/pattern.php?id=11429&cid=1
243-22,https://www.garnstudio.com/pattern.php?id=11428&cid=1
243-11,https://www.garnstudio.com/pattern.php?id=11427&cid=1
244-27,https://www.garnstudio.com/pattern.php?id=11426&cid=1
244-22,https://www.garnstudio.com/pattern.php?id=11438&cid=1
245-16,https://www.garnstudio.com/pattern.php?id=11425&cid=1
243-34,https://www.garnstudio.com/pattern.php?id=11424&cid=1
242-29,https://www.garnstudio.com/pattern.php?id=11423&cid=1
245-1,https://www.garnstudio.com/pattern.php?id=11422&cid=1
244-1,https://www.garnstudio.com/pattern.php?id=11421&cid=1
244-2,https://www.garnstudio.com/pattern.php?id=11420&cid=1
243-3,https://www.garnstudio.com/pattern.php?id=11419&cid=1
243-4,https://www.garnstudio.com/pattern.php?id=11418&cid=1
245-7,https://www.garnstudio.com/pattern.php?id=11417&cid=1
245-8,https://www.garnstudio.com/pattern.php?id=11416&cid=1
245-3,https://www.garnstudio.com/pattern.php?id=11415&cid=1
245-4,https://www.garnstudio.com/pattern.php?id=11414&cid=1
243-6,https://www.garnstudio.com/pattern.php?id=11413&cid=1
243-5,https://www.garnstudio.com/pattern.php?id=11412&cid=1
244-5,https://www.garnstudio.com/pattern.php?id=11411&cid=1
244-6,https://www.garnstudio.com/pattern.php?id=11410&cid=1
244-3,https://www.garnstudio.com/pattern.php?id=11409&cid=1
244-4,https://www.garnstudio.com/pattern.php?id=11408&cid=1
245-2,https://www.garnstudio.com/pattern.php?id=11407&cid=1
242-1,https://www.garnstudio.com/pattern.php?id=11406&cid=1
242-3,https://www.garnstudio.com/pattern.php?id=11405&cid=1
242-33,https://www.garnstudio.com/pattern.php?id=11404&cid=1
242-6,https://www.garnstudio.com/pattern.php?id=11403&cid=1
242-2,https://www.garnstudio.com/pattern.php?id=11402&cid=1
242-12,https://www.garnstudio.com/pattern.php?id=11401&cid=1
Children 47-8,https://www.garnstudio.com/pattern.php?id=11400&cid=1
Children 47-7,https://www.garnstudio.com/pattern.php?id=11399&cid=1
Children 47-6,https://www.garnstudio.com/pattern.php?id=11398&cid=1
Children 47-5,https://www.garnstudio.com/pattern.php?id=11397&cid=1
Baby 45-14,https://www.garnstudio.com/pattern.php?id=11396&cid=1
Baby 46-4,https://www.garnstudio.com/pattern.php?id=11395&cid=1
Baby 46-9,https://www.garnstudio.com/pattern.php?id=11393&cid=1
Baby 45-17,https://www.garnstudio.com/pattern.php?id=11394&cid=1
Baby 45-6,https://www.garnstudio.com/pattern.php?id=11392&cid=1
Baby 45-5,https://www.garnstudio.com/pattern.php?id=11391&cid=1
Children 47-4,https://www.garnstudio.com/pattern.php?id=11389&cid=1
Children 47-3,https://www.garnstudio.com/pattern.php?id=11388&cid=1
Children 47-2,https://www.garnstudio.com/pattern.php?id=11387&cid=1
Children 47-1,https://www.garnstudio.com/pattern.php?id=11386&cid=1
233-24,https://www.garnstudio.com/pattern.php?id=11385&cid=1
233-23,https://www.garnstudio.com/pattern.php?id=11383&cid=1
233-22,https://www.garnstudio.com/pattern.php?id=11382&cid=1
Baby 45-16,https://www.garnstudio.com/pattern.php?id=11380&cid=1
Baby 45-15,https://www.garnstudio.com/pattern.php?id=11379&cid=1
Baby 46-12,https://www.garnstudio.com/pattern.php?id=11378&cid=1
Baby 46-5,https://www.garnstudio.com/pattern.php?id=11377&cid=1
Baby 46-8,https://www.garnstudio.com/pattern.php?id=11376&cid=1
Baby 46-3,https://www.garnstudio.com/pattern.php?id=11375&cid=1
239-34,https://www.garnstudio.com/pattern.php?id=11369&cid=1
239-18,https://www.garnstudio.com/pattern.php?id=11368&cid=1
241-31,https://www.garnstudio.com/pattern.php?id=11360&cid=1
241-32,https://www.garnstudio.com/pattern.php?id=11359&cid=1
240-24,https://www.garnstudio.com/pattern.php?id=11358&cid=1
240-23,https://www.garnstudio.com/pattern.php?id=11357&cid=1
Baby 45-20,https://www.garnstudio.com/pattern.php?id=11351&cid=1
Baby 45-8,https://www.garnstudio.com/pattern.php?id=11350&cid=1
Baby 45-10,https://www.garnstudio.com/pattern.php?id=11346&cid=1
241-22,https://www.garnstudio.com/pattern.php?id=11345&cid=1
240-13,https://www.garnstudio.com/pattern.php?id=11344&cid=1
239-33,https://www.garnstudio.com/pattern.php?id=11343&cid=1
239-15,https://www.garnstudio.com/pattern.php?id=11342&cid=1
239-16,https://www.garnstudio.com/pattern.php?id=11341&cid=1
239-13,https://www.garnstudio.com/pattern.php?id=11340&cid=1
239-14,https://www.garnstudio.com/pattern.php?id=11339&cid=1
239-25,https://www.garnstudio.com/pattern.php?id=11338&cid=1
239-26,https://www.garnstudio.com/pattern.php?id=11337&cid=1
241-8,https://www.garnstudio.com/pattern.php?id=11334&cid=1
240-14,https://www.garnstudio.com/pattern.php?id=11329&cid=1
240-19,https://www.garnstudio.com/pattern.php?id=11328&cid=1
241-33,https://www.garnstudio.com/pattern.php?id=11327&cid=1
240-22,https://www.garnstudio.com/pattern.php?id=11326&cid=1
240-32,https://www.garnstudio.com/pattern.php?id=11325&cid=1
240-26,https://www.garnstudio.com/pattern.php?id=11324&cid=1
241-21,https://www.garnstudio.com/pattern.php?id=11323&cid=1
239-30,https://www.garnstudio.com/pattern.php?id=11322&cid=1
241-36,https://www.garnstudio.com/pattern.php?id=11321&cid=1
238-28,https://www.garnstudio.com/pattern.php?id=11320&cid=1
238-29,https://www.garnstudio.com/pattern.php?id=11319&cid=1
238-25,https://www.garnstudio.com/pattern.php?id=11317&cid=1
241-20,https://www.garnstudio.com/pattern.php?id=11314&cid=1
241-19,https://www.garnstudio.com/pattern.php?id=11313&cid=1
240-7,https://www.garnstudio.com/pattern.php?id=11311&cid=1
240-8,https://www.garnstudio.com/pattern.php?id=11312&cid=1
239-31,https://www.garnstudio.com/pattern.php?id=11304&cid=1
241-34,https://www.garnstudio.com/pattern.php?id=11309&cid=1
241-35,https://www.garnstudio.com/pattern.php?id=11310&cid=1
240-20,https://www.garnstudio.com/pattern.php?id=11308&cid=1
240-29,https://www.garnstudio.com/pattern.php?id=11307&cid=1
240-21,https://www.garnstudio.com/pattern.php?id=11306&cid=1
240-25,https://www.garnstudio.com/pattern.php?id=11305&cid=1
238-15,https://www.garnstudio.com/pattern.php?id=11297&cid=1
238-13,https://www.garnstudio.com/pattern.php?id=11296&cid=1
238-14,https://www.garnstudio.com/pattern.php?id=11295&cid=1
238-16,https://www.garnstudio.com/pattern.php?id=11294&cid=1
Baby 46-1,https://www.garnstudio.com/pattern.php?id=11292&cid=1
Baby 46-16,https://www.garnstudio.com/pattern.php?id=11291&cid=1
Baby 46-19,https://www.garnstudio.com/pattern.php?id=11290&cid=1
Baby 45-3,https://www.garnstudio.com/pattern.php?id=11289&cid=1
Baby 45-2,https://www.garnstudio.com/pattern.php?id=11288&cid=1
Baby 45-1,https://www.garnstudio.com/pattern.php?id=11287&cid=1
Baby 46-6,https://www.garnstudio.com/pattern.php?id=11286&cid=1
Baby 46-18,https://www.garnstudio.com/pattern.php?id=11293&cid=1
238-30,https://www.garnstudio.com/pattern.php?id=11285&cid=1
238-23,https://www.garnstudio.com/pattern.php?id=11284&cid=1
238-34,https://www.garnstudio.com/pattern.php?id=11283&cid=1
238-35,https://www.garnstudio.com/pattern.php?id=11282&cid=1
238-26,https://www.garnstudio.com/pattern.php?id=11280&cid=1
238-32,https://www.garnstudio.com/pattern.php?id=11279&cid=1
238-33,https://www.garnstudio.com/pattern.php?id=11278&cid=1
238-31,https://www.garnstudio.com/pattern.php?id=11277&cid=1
238-27,https://www.garnstudio.com/pattern.php?id=11276&cid=1
233-11,https://www.garnstudio.com/pattern.php?id=11275&cid=1
233-6,https://www.garnstudio.com/pattern.php?id=11274&cid=1
233-3,https://www.garnstudio.com/pattern.php?id=11273&cid=1
233-5,https://www.garnstudio.com/pattern.php?id=11272&cid=1
239-40,https://www.garnstudio.com/pattern.php?id=11271&cid=1
239-39,https://www.garnstudio.com/pattern.php?id=11270&cid=1
239-38,https://www.garnstudio.com/pattern.php?id=11269&cid=1
239-32,https://www.garnstudio.com/pattern.php?id=11268&cid=1
241-18,https://www.garnstudio.com/pattern.php?id=11267&cid=1
241-17,https://www.garnstudio.com/pattern.php?id=11266&cid=1
239-20,https://www.garnstudio.com/pattern.php?id=11265&cid=1
239-19,https://www.garnstudio.com/pattern.php?id=11264&cid=1
239-12,https://www.garnstudio.com/pattern.php?id=11263&cid=1
239-11,https://www.garnstudio.com/pattern.php?id=11262&cid=1
241-30,https://www.garnstudio.com/pattern.php?id=11261&cid=1
241-29,https://www.garnstudio.com/pattern.php?id=11260&cid=1
240-12,https://www.garnstudio.com/pattern.php?id=11259&cid=1
240-11,https://www.garnstudio.com/pattern.php?id=11258&cid=1
241-25,https://www.garnstudio.com/pattern.php?id=11246&cid=1
241-26,https://www.garnstudio.com/pattern.php?id=11247&cid=1
239-3,https://www.garnstudio.com/pattern.php?id=11242&cid=1
239-4,https://www.garnstudio.com/pattern.php?id=11243&cid=1
240-15,https://www.garnstudio.com/pattern.php?id=11244&cid=1
240-16,https://www.garnstudio.com/pattern.php?id=11245&cid=1
239-37,https://www.garnstudio.com/pattern.php?id=11234&cid=1
241-13,https://www.garnstudio.com/pattern.php?id=11238&cid=1
240-17,https://www.garnstudio.com/pattern.php?id=11235&cid=1
240-27,https://www.garnstudio.com/pattern.php?id=11236&cid=1
240-28,https://www.garnstudio.com/pattern.php?id=11237&cid=1
238-10,https://www.garnstudio.com/pattern.php?id=11231&cid=1
241-3,https://www.garnstudio.com/pattern.php?id=11221&cid=1
241-4,https://www.garnstudio.com/pattern.php?id=11222&cid=1
241-9,https://www.garnstudio.com/pattern.php?id=11223&cid=1
241-10,https://www.garnstudio.com/pattern.php?id=11224&cid=1
241-2,https://www.garnstudio.com/pattern.php?id=11220&cid=1
241-11,https://www.garnstudio.com/pattern.php?id=11225&cid=1
241-5,https://www.garnstudio.com/pattern.php?id=11218&cid=1
241-6,https://www.garnstudio.com/pattern.php?id=11215&cid=1
241-14,https://www.garnstudio.com/pattern.php?id=11219&cid=1
239-2,https://www.garnstudio.com/pattern.php?id=11212&cid=1
239-7,https://www.garnstudio.com/pattern.php?id=11213&cid=1
239-8,https://www.garnstudio.com/pattern.php?id=11214&cid=1
238-1,https://www.garnstudio.com/pattern.php?id=11211&cid=1
241-1,https://www.garnstudio.com/pattern.php?id=11206&cid=1
239-1,https://www.garnstudio.com/pattern.php?id=11201&cid=1
239-5,https://www.garnstudio.com/pattern.php?id=11210&cid=1
239-24,https://www.garnstudio.com/pattern.php?id=11207&cid=1
239-23,https://www.garnstudio.com/pattern.php?id=11208&cid=1
239-10,https://www.garnstudio.com/pattern.php?id=11209&cid=1
241-7,https://www.garnstudio.com/pattern.php?id=11204&cid=1
239-6,https://www.garnstudio.com/pattern.php?id=11205&cid=1
240-1,https://www.garnstudio.com/pattern.php?id=11216&cid=1
240-6,https://www.garnstudio.com/pattern.php?id=11203&cid=1
240-5,https://www.garnstudio.com/pattern.php?id=11202&cid=1
110-53,https://www.garnstudio.com/pattern.php?id=11381&cid=1
233-21,https://www.garnstudio.com/pattern.php?id=11199&cid=1
233-20,https://www.garnstudio.com/pattern.php?id=11198&cid=1
Extra 0-1591,https://www.garnstudio.com/pattern.php?id=11197&cid=1
234-73,https://www.garnstudio.com/pattern.php?id=11177&cid=1
Extra 0-1574,https://www.garnstudio.com/pattern.php?id=11168&cid=1
Extra 0-1579,https://www.garnstudio.com/pattern.php?id=11178&cid=1
Extra 0-1576,https://www.garnstudio.com/pattern.php?id=11170&cid=1
234-74,https://www.garnstudio.com/pattern.php?id=11190&cid=1
Extra 0-1582,https://www.garnstudio.com/pattern.php?id=11188&cid=1
234-75,https://www.garnstudio.com/pattern.php?id=11189&cid=1
Extra 0-1584,https://www.garnstudio.com/pattern.php?id=11187&cid=1
Extra 0-1575,https://www.garnstudio.com/pattern.php?id=11169&cid=1
Extra 0-1573,https://www.garnstudio.com/pattern.php?id=11167&cid=1
234-83,https://www.garnstudio.com/pattern.php?id=11184&cid=1
234-82,https://www.garnstudio.com/pattern.php?id=11183&cid=1
234-80,https://www.garnstudio.com/pattern.php?id=11174&cid=1
234-79,https://www.garnstudio.com/pattern.php?id=11173&cid=1
234-78,https://www.garnstudio.com/pattern.php?id=11172&cid=1
235-38,https://www.garnstudio.com/pattern.php?id=11163&cid=1
235-37,https://www.garnstudio.com/pattern.php?id=11162&cid=1
234-59,https://www.garnstudio.com/pattern.php?id=11161&cid=1
234-47,https://www.garnstudio.com/pattern.php?id=11160&cid=1
234-25,https://www.garnstudio.com/pattern.php?id=11159&cid=1
233-16,https://www.garnstudio.com/pattern.php?id=11142&cid=1
233-15,https://www.garnstudio.com/pattern.php?id=11141&cid=1
233-14,https://www.garnstudio.com/pattern.php?id=11140&cid=1
233-13,https://www.garnstudio.com/pattern.php?id=11139&cid=1
233-12,https://www.garnstudio.com/pattern.php?id=11138&cid=1
Children 44-22,https://www.garnstudio.com/pattern.php?id=11158&cid=1
Children 44-19,https://www.garnstudio.com/pattern.php?id=11157&cid=1
Children 44-16,https://www.garnstudio.com/pattern.php?id=11156&cid=1
Children 44-18,https://www.garnstudio.com/pattern.php?id=11155&cid=1
Children 44-15,https://www.garnstudio.com/pattern.php?id=11154&cid=1
Children 44-14,https://www.garnstudio.com/pattern.php?id=11153&cid=1
Children 44-17,https://www.garnstudio.com/pattern.php?id=11152&cid=1
Children 44-20,https://www.garnstudio.com/pattern.php?id=11151&cid=1
Children 44-21,https://www.garnstudio.com/pattern.php?id=11150&cid=1
234-65,https://www.garnstudio.com/pattern.php?id=11149&cid=1
234-62,https://www.garnstudio.com/pattern.php?id=11148&cid=1
235-39,https://www.garnstudio.com/pattern.php?id=11147&cid=1
235-40,https://www.garnstudio.com/pattern.php?id=11146&cid=1
234-61,https://www.garnstudio.com/pattern.php?id=11145&cid=1
234-63,https://www.garnstudio.com/pattern.php?id=11144&cid=1
234-64,https://www.garnstudio.com/pattern.php?id=11143&cid=1
235-29,https://www.garnstudio.com/pattern.php?id=11137&cid=1
235-30,https://www.garnstudio.com/pattern.php?id=11136&cid=1
236-35,https://www.garnstudio.com/pattern.php?id=11135&cid=1
236-16,https://www.garnstudio.com/pattern.php?id=11134&cid=1
236-36,https://www.garnstudio.com/pattern.php?id=11133&cid=1
235-34,https://www.garnstudio.com/pattern.php?id=11132&cid=1
236-24,https://www.garnstudio.com/pattern.php?id=11131&cid=1
236-20,https://www.garnstudio.com/pattern.php?id=11130&cid=1
234-43,https://www.garnstudio.com/pattern.php?id=11129&cid=1
234-30,https://www.garnstudio.com/pattern.php?id=11128&cid=1
234-50,https://www.garnstudio.com/pattern.php?id=11126&cid=1
234-51,https://www.garnstudio.com/pattern.php?id=11125&cid=1
234-52,https://www.garnstudio.com/pattern.php?id=11124&cid=1
234-23,https://www.garnstudio.com/pattern.php?id=11123&cid=1
234-26,https://www.garnstudio.com/pattern.php?id=11122&cid=1
234-32,https://www.garnstudio.com/pattern.php?id=11121&cid=1
234-31,https://www.garnstudio.com/pattern.php?id=11120&cid=1
234-19,https://www.garnstudio.com/pattern.php?id=11119&cid=1
234-6,https://www.garnstudio.com/pattern.php?id=11112&cid=1
236-15,https://www.garnstudio.com/pattern.php?id=11117&cid=1
235-13,https://www.garnstudio.com/pattern.php?id=11116&cid=1
235-14,https://www.garnstudio.com/pattern.php?id=11115&cid=1
237-29,https://www.garnstudio.com/pattern.php?id=11111&cid=1
237-30,https://www.garnstudio.com/pattern.php?id=11110&cid=1
237-11,https://www.garnstudio.com/pattern.php?id=11109&cid=1
237-7,https://www.garnstudio.com/pattern.php?id=10947&cid=1
237-41,https://www.garnstudio.com/pattern.php?id=11108&cid=1
237-28,https://www.garnstudio.com/pattern.php?id=11107&cid=1
237-27,https://www.garnstudio.com/pattern.php?id=11106&cid=1
237-33,https://www.garnstudio.com/pattern.php?id=10950&cid=1
236-34,https://www.garnstudio.com/pattern.php?id=11105&cid=1
236-33,https://www.garnstudio.com/pattern.php?id=11104&cid=1
234-72,https://www.garnstudio.com/pattern.php?id=11118&cid=1
Children 44-10,https://www.garnstudio.com/pattern.php?id=10936&cid=1
237-14,https://www.garnstudio.com/pattern.php?id=11100&cid=1
237-13,https://www.garnstudio.com/pattern.php?id=10948&cid=1
237-6,https://www.garnstudio.com/pattern.php?id=11099&cid=1
235-25,https://www.garnstudio.com/pattern.php?id=10956&cid=1
237-21,https://www.garnstudio.com/pattern.php?id=11096&cid=1
237-22,https://www.garnstudio.com/pattern.php?id=11095&cid=1
237-19,https://www.garnstudio.com/pattern.php?id=11094&cid=1
235-9,https://www.garnstudio.com/pattern.php?id=11093&cid=1
236-23,https://www.garnstudio.com/pattern.php?id=11092&cid=1
235-10,https://www.garnstudio.com/pattern.php?id=11091&cid=1
235-31,https://www.garnstudio.com/pattern.php?id=11090&cid=1
237-23,https://www.garnstudio.com/pattern.php?id=11089&cid=1
237-32,https://www.garnstudio.com/pattern.php?id=11088&cid=1
237-31,https://www.garnstudio.com/pattern.php?id=11087&cid=1
233-17,https://www.garnstudio.com/pattern.php?id=11101&cid=1
233-18,https://www.garnstudio.com/pattern.php?id=11102&cid=1
233-19,https://www.garnstudio.com/pattern.php?id=11103&cid=1
234-17,https://www.garnstudio.com/pattern.php?id=11086&cid=1
234-60,https://www.garnstudio.com/pattern.php?id=11085&cid=1
234-58,https://www.garnstudio.com/pattern.php?id=11084&cid=1
234-57,https://www.garnstudio.com/pattern.php?id=11083&cid=1
234-56,https://www.garnstudio.com/pattern.php?id=11082&cid=1
234-55,https://www.garnstudio.com/pattern.php?id=11081&cid=1
234-54,https://www.garnstudio.com/pattern.php?id=11080&cid=1
234-33,https://www.garnstudio.com/pattern.php?id=11079&cid=1
234-34,https://www.garnstudio.com/pattern.php?id=11078&cid=1
234-42,https://www.garnstudio.com/pattern.php?id=11077&cid=1
234-45,https://www.garnstudio.com/pattern.php?id=11076&cid=1
235-27,https://www.garnstudio.com/pattern.php?id=11075&cid=1
236-22,https://www.garnstudio.com/pattern.php?id=11074&cid=1
235-22,https://www.garnstudio.com/pattern.php?id=11073&cid=1
235-21,https://www.garnstudio.com/pattern.php?id=11072&cid=1
237-37,https://www.garnstudio.com/pattern.php?id=11071&cid=1
236-9,https://www.garnstudio.com/pattern.php?id=11070&cid=1
236-19,https://www.garnstudio.com/pattern.php?id=11069&cid=1
236-12,https://www.garnstudio.com/pattern.php?id=11068&cid=1
235-33,https://www.garnstudio.com/pattern.php?id=11067&cid=1
234-71,https://www.garnstudio.com/pattern.php?id=11066&cid=1
234-67,https://www.garnstudio.com/pattern.php?id=11065&cid=1
234-68,https://www.garnstudio.com/pattern.php?id=11064&cid=1
234-69,https://www.garnstudio.com/pattern.php?id=11063&cid=1
234-70,https://www.garnstudio.com/pattern.php?id=11062&cid=1
234-66,https://www.garnstudio.com/pattern.php?id=11061&cid=1
236-21,https://www.garnstudio.com/pattern.php?id=11060&cid=1
235-28,https://www.garnstudio.com/pattern.php?id=11059&cid=1
235-36,https://www.garnstudio.com/pattern.php?id=10958&cid=1
235-35,https://www.garnstudio.com/pattern.php?id=10949&cid=1
237-39,https://www.garnstudio.com/pattern.php?id=11058&cid=1
235-32,https://www.garnstudio.com/pattern.php?id=11057&cid=1
237-18,https://www.garnstudio.com/pattern.php?id=11056&cid=1
237-42,https://www.garnstudio.com/pattern.php?id=11055&cid=1
237-17,https://www.garnstudio.com/pattern.php?id=11054&cid=1
235-19,https://www.garnstudio.com/pattern.php?id=11048&cid=1
235-20,https://www.garnstudio.com/pattern.php?id=11047&cid=1
235-24,https://www.garnstudio.com/pattern.php?id=11046&cid=1
235-23,https://www.garnstudio.com/pattern.php?id=11045&cid=1
235-7,https://www.garnstudio.com/pattern.php?id=10954&cid=1
236-27,https://www.garnstudio.com/pattern.php?id=11044&cid=1
236-28,https://www.garnstudio.com/pattern.php?id=11043&cid=1
236-7,https://www.garnstudio.com/pattern.php?id=11042&cid=1
235-6,https://www.garnstudio.com/pattern.php?id=11041&cid=1
236-14,https://www.garnstudio.com/pattern.php?id=11040&cid=1
236-37,https://www.garnstudio.com/pattern.php?id=11039&cid=1
236-38,https://www.garnstudio.com/pattern.php?id=11038&cid=1
236-30,https://www.garnstudio.com/pattern.php?id=11037&cid=1
234-49,https://www.garnstudio.com/pattern.php?id=11036&cid=1
234-48,https://www.garnstudio.com/pattern.php?id=11035&cid=1
234-10,https://www.garnstudio.com/pattern.php?id=11034&cid=1
234-13,https://www.garnstudio.com/pattern.php?id=11033&cid=1
234-46,https://www.garnstudio.com/pattern.php?id=11032&cid=1
234-37,https://www.garnstudio.com/pattern.php?id=11031&cid=1
234-35,https://www.garnstudio.com/pattern.php?id=11030&cid=1
234-53,https://www.garnstudio.com/pattern.php?id=11029&cid=1
234-40,https://www.garnstudio.com/pattern.php?id=11028&cid=1
234-39,https://www.garnstudio.com/pattern.php?id=11027&cid=1
237-8,https://www.garnstudio.com/pattern.php?id=11026&cid=1
237-2,https://www.garnstudio.com/pattern.php?id=11025&cid=1
237-20,https://www.garnstudio.com/pattern.php?id=11024&cid=1
237-43,https://www.garnstudio.com/pattern.php?id=11023&cid=1
235-26,https://www.garnstudio.com/pattern.php?id=10957&cid=1
237-38,https://www.garnstudio.com/pattern.php?id=11022&cid=1
237-24,https://www.garnstudio.com/pattern.php?id=11021&cid=1
236-8,https://www.garnstudio.com/pattern.php?id=11020&cid=1
237-40,https://www.garnstudio.com/pattern.php?id=11019&cid=1
236-29,https://www.garnstudio.com/pattern.php?id=11018&cid=1
233-10,https://www.garnstudio.com/pattern.php?id=11017&cid=1
233-9,https://www.garnstudio.com/pattern.php?id=11016&cid=1
233-8,https://www.garnstudio.com/pattern.php?id=11015&cid=1
234-14,https://www.garnstudio.com/pattern.php?id=11014&cid=1
234-9,https://www.garnstudio.com/pattern.php?id=11013&cid=1
234-12,https://www.garnstudio.com/pattern.php?id=11012&cid=1
234-38,https://www.garnstudio.com/pattern.php?id=11011&cid=1
234-11,https://www.garnstudio.com/pattern.php?id=11010&cid=1
234-18,https://www.garnstudio.com/pattern.php?id=11009&cid=1
234-41,https://www.garnstudio.com/pattern.php?id=11008&cid=1
234-44,https://www.garnstudio.com/pattern.php?id=11007&cid=1
234-22,https://www.garnstudio.com/pattern.php?id=11006&cid=1
234-27,https://www.garnstudio.com/pattern.php?id=11005&cid=1
234-21,https://www.garnstudio.com/pattern.php?id=11004&cid=1
234-36,https://www.garnstudio.com/pattern.php?id=11003&cid=1
236-4,https://www.garnstudio.com/pattern.php?id=10945&cid=1
237-5,https://www.garnstudio.com/pattern.php?id=11002&cid=1
237-10,https://www.garnstudio.com/pattern.php?id=11001&cid=1
237-9,https://www.garnstudio.com/pattern.php?id=11000&cid=1
235-17,https://www.garnstudio.com/pattern.php?id=10999&cid=1
236-17,https://www.garnstudio.com/pattern.php?id=10952&cid=1
237-3,https://www.garnstudio.com/pattern.php?id=10994&cid=1
237-15,https://www.garnstudio.com/pattern.php?id=10993&cid=1
237-26,https://www.garnstudio.com/pattern.php?id=10992&cid=1
237-25,https://www.garnstudio.com/pattern.php?id=10991&cid=1
237-35,https://www.garnstudio.com/pattern.php?id=10990&cid=1
237-36,https://www.garnstudio.com/pattern.php?id=10987&cid=1
236-18,https://www.garnstudio.com/pattern.php?id=10989&cid=1
235-11,https://www.garnstudio.com/pattern.php?id=10955&cid=1
235-12,https://www.garnstudio.com/pattern.php?id=10986&cid=1
235-8,https://www.garnstudio.com/pattern.php?id=10985&cid=1
236-6,https://www.garnstudio.com/pattern.php?id=10984&cid=1
236-5,https://www.garnstudio.com/pattern.php?id=10983&cid=1
235-18,https://www.garnstudio.com/pattern.php?id=10982&cid=1
235-5,https://www.garnstudio.com/pattern.php?id=10953&cid=1
236-13,https://www.garnstudio.com/pattern.php?id=10951&cid=1
236-3,https://www.garnstudio.com/pattern.php?id=10980&cid=1
236-10,https://www.garnstudio.com/pattern.php?id=10979&cid=1
236-26,https://www.garnstudio.com/pattern.php?id=10978&cid=1
236-25,https://www.garnstudio.com/pattern.php?id=10977&cid=1
237-12,https://www.garnstudio.com/pattern.php?id=10976&cid=1
237-4,https://www.garnstudio.com/pattern.php?id=10975&cid=1
237-1,https://www.garnstudio.com/pattern.php?id=10946&cid=1
234-20,https://www.garnstudio.com/pattern.php?id=10973&cid=1
234-15,https://www.garnstudio.com/pattern.php?id=10972&cid=1
234-24,https://www.garnstudio.com/pattern.php?id=10971&cid=1
234-28,https://www.garnstudio.com/pattern.php?id=10970&cid=1
237-16,https://www.garnstudio.com/pattern.php?id=10988&cid=1
235-2,https://www.garnstudio.com/pattern.php?id=10969&cid=1
235-1,https://www.garnstudio.com/pattern.php?id=10968&cid=1
235-4,https://www.garnstudio.com/pattern.php?id=10967&cid=1
235-3,https://www.garnstudio.com/pattern.php?id=10966&cid=1
236-11,https://www.garnstudio.com/pattern.php?id=10965&cid=1
236-2,https://www.garnstudio.com/pattern.php?id=10964&cid=1
236-1,https://www.garnstudio.com/pattern.php?id=10944&cid=1
Children 44-13,https://www.garnstudio.com/pattern.php?id=10963&cid=1
Children 44-9,https://www.garnstudio.com/pattern.php?id=10962&cid=1
Children 44-8,https://www.garnstudio.com/pattern.php?id=10961&cid=1
Children 44-7,https://www.garnstudio.com/pattern.php?id=10960&cid=1
Children 44-6,https://www.garnstudio.com/pattern.php?id=10959&cid=1
233-7,https://www.garnstudio.com/pattern.php?id=10943&cid=1
233-4,https://www.garnstudio.com/pattern.php?id=10942&cid=1
233-2,https://www.garnstudio.com/pattern.php?id=10941&cid=1
233-1,https://www.garnstudio.com/pattern.php?id=10940&cid=1
232-48,https://www.garnstudio.com/pattern.php?id=10935&cid=1
232-47,https://www.garnstudio.com/pattern.php?id=10934&cid=1
231-20,https://www.garnstudio.com/pattern.php?id=10933&cid=1
230-39,https://www.garnstudio.com/pattern.php?id=10932&cid=1
230-54,https://www.garnstudio.com/pattern.php?id=10931&cid=1
230-43,https://www.garnstudio.com/pattern.php?id=10929&cid=1
232-32,https://www.garnstudio.com/pattern.php?id=10928&cid=1
232-31,https://www.garnstudio.com/pattern.php?id=10927&cid=1
230-41,https://www.garnstudio.com/pattern.php?id=10925&cid=1
230-27,https://www.garnstudio.com/pattern.php?id=10923&cid=1
230-19,https://www.garnstudio.com/pattern.php?id=10922&cid=1
230-20,https://www.garnstudio.com/pattern.php?id=10921&cid=1
230-28,https://www.garnstudio.com/pattern.php?id=10920&cid=1
230-51,https://www.garnstudio.com/pattern.php?id=10919&cid=1
230-53,https://www.garnstudio.com/pattern.php?id=10914&cid=1
231-49,https://www.garnstudio.com/pattern.php?id=10912&cid=1
231-50,https://www.garnstudio.com/pattern.php?id=10911&cid=1
231-37,https://www.garnstudio.com/pattern.php?id=10910&cid=1
230-6,https://www.garnstudio.com/pattern.php?id=10909&cid=1
232-43,https://www.garnstudio.com/pattern.php?id=10908&cid=1
232-44,https://www.garnstudio.com/pattern.php?id=10907&cid=1
229-7,https://www.garnstudio.com/pattern.php?id=10902&cid=1
229-8,https://www.garnstudio.com/pattern.php?id=10901&cid=1
232-18,https://www.garnstudio.com/pattern.php?id=10899&cid=1
232-17,https://www.garnstudio.com/pattern.php?id=10898&cid=1
232-14,https://www.garnstudio.com/pattern.php?id=10897&cid=1
232-13,https://www.garnstudio.com/pattern.php?id=10896&cid=1
231-21,https://www.garnstudio.com/pattern.php?id=10895&cid=1
231-22,https://www.garnstudio.com/pattern.php?id=10894&cid=1
232-53,https://www.garnstudio.com/pattern.php?id=10893&cid=1
231-60,https://www.garnstudio.com/pattern.php?id=10892&cid=1
231-59,https://www.garnstudio.com/pattern.php?id=10891&cid=1
231-58,https://www.garnstudio.com/pattern.php?id=10890&cid=1
231-57,https://www.garnstudio.com/pattern.php?id=10889&cid=1
231-56,https://www.garnstudio.com/pattern.php?id=10888&cid=1
231-55,https://www.garnstudio.com/pattern.php?id=10887&cid=1
Baby 43-27,https://www.garnstudio.com/pattern.php?id=10886&cid=1
Baby 43-26,https://www.garnstudio.com/pattern.php?id=10885&cid=1
Baby 43-25,https://www.garnstudio.com/pattern.php?id=10884&cid=1
Baby 43-24,https://www.garnstudio.com/pattern.php?id=10883&cid=1
Baby 43-20,https://www.garnstudio.com/pattern.php?id=10879&cid=1
Baby 43-21,https://www.garnstudio.com/pattern.php?id=10880&cid=1
Baby 43-23,https://www.garnstudio.com/pattern.php?id=10882&cid=1
Baby 43-22,https://www.garnstudio.com/pattern.php?id=10881&cid=1
Baby 43-17,https://www.garnstudio.com/pattern.php?id=10878&cid=1
Baby 43-16,https://www.garnstudio.com/pattern.php?id=10877&cid=1
Baby 43-15,https://www.garnstudio.com/pattern.php?id=10876&cid=1
Baby 43-14,https://www.garnstudio.com/pattern.php?id=10875&cid=1
Baby 43-13,https://www.garnstudio.com/pattern.php?id=10874&cid=1
Baby 43-12,https://www.garnstudio.com/pattern.php?id=10873&cid=1
Baby 43-11,https://www.garnstudio.com/pattern.php?id=10872&cid=1
229-20,https://www.garnstudio.com/pattern.php?id=10862&cid=1
229-23,https://www.garnstudio.com/pattern.php?id=10861&cid=1
229-28,https://www.garnstudio.com/pattern.php?id=10860&cid=1
229-27,https://www.garnstudio.com/pattern.php?id=10859&cid=1
229-19,https://www.garnstudio.com/pattern.php?id=10858&cid=1
229-24,https://www.garnstudio.com/pattern.php?id=10857&cid=1
Children 44-5,https://www.garnstudio.com/pattern.php?id=10867&cid=1
Children 44-4,https://www.garnstudio.com/pattern.php?id=10866&cid=1
Children 44-3,https://www.garnstudio.com/pattern.php?id=10865&cid=1
Children 44-2,https://www.garnstudio.com/pattern.php?id=10864&cid=1
Children 44-1,https://www.garnstudio.com/pattern.php?id=10863&cid=1
230-49,https://www.garnstudio.com/pattern.php?id=10854&cid=1
230-50,https://www.garnstudio.com/pattern.php?id=10853&cid=1
230-13,https://www.garnstudio.com/pattern.php?id=10852&cid=1
230-14,https://www.garnstudio.com/pattern.php?id=10851&cid=1
230-34,https://www.garnstudio.com/pattern.php?id=10850&cid=1
230-17,https://www.garnstudio.com/pattern.php?id=10849&cid=1
230-18,https://www.garnstudio.com/pattern.php?id=10848&cid=1
231-47,https://www.garnstudio.com/pattern.php?id=10846&cid=1
231-48,https://www.garnstudio.com/pattern.php?id=10845&cid=1
232-9,https://www.garnstudio.com/pattern.php?id=10844&cid=1
232-10,https://www.garnstudio.com/pattern.php?id=10843&cid=1
231-13,https://www.garnstudio.com/pattern.php?id=10842&cid=1
231-14,https://www.garnstudio.com/pattern.php?id=10841&cid=1
230-25,https://www.garnstudio.com/pattern.php?id=10837&cid=1
230-26,https://www.garnstudio.com/pattern.php?id=10836&cid=1
Baby 43-19,https://www.garnstudio.com/pattern.php?id=10835&cid=1
Baby 43-18,https://www.garnstudio.com/pattern.php?id=10834&cid=1
Baby 43-10,https://www.garnstudio.com/pattern.php?id=10833&cid=1
Baby 43-9,https://www.garnstudio.com/pattern.php?id=10832&cid=1
Baby 43-8,https://www.garnstudio.com/pattern.php?id=10831&cid=1
Baby 43-7,https://www.garnstudio.com/pattern.php?id=10830&cid=1
Baby 43-6,https://www.garnstudio.com/pattern.php?id=10829&cid=1
Baby 43-5,https://www.garnstudio.com/pattern.php?id=10828&cid=1
Baby 43-4,https://www.garnstudio.com/pattern.php?id=10827&cid=1
Baby 43-3,https://www.garnstudio.com/pattern.php?id=10826&cid=1
Baby 43-2,https://www.garnstudio.com/pattern.php?id=10825&cid=1
Baby 43-1,https://www.garnstudio.com/pattern.php?id=10824&cid=1
230-35,https://www.garnstudio.com/pattern.php?id=10823&cid=1
230-36,https://www.garnstudio.com/pattern.php?id=10822&cid=1
232-26,https://www.garnstudio.com/pattern.php?id=10821&cid=1
232-25,https://www.garnstudio.com/pattern.php?id=10820&cid=1
231-35,https://www.garnstudio.com/pattern.php?id=10819&cid=1
230-22,https://www.garnstudio.com/pattern.php?id=10818&cid=1
230-21,https://www.garnstudio.com/pattern.php?id=10817&cid=1
230-47,https://www.garnstudio.com/pattern.php?id=10816&cid=1
230-48,https://www.garnstudio.com/pattern.php?id=10815&cid=1
232-51,https://www.garnstudio.com/pattern.php?id=10812&cid=1
232-52,https://www.garnstudio.com/pattern.php?id=10811&cid=1
231-5,https://www.garnstudio.com/pattern.php?id=10810&cid=1
231-25,https://www.garnstudio.com/pattern.php?id=10809&cid=1
232-20,https://www.garnstudio.com/pattern.php?id=10808&cid=1
231-26,https://www.garnstudio.com/pattern.php?id=10807&cid=1
230-1,https://www.garnstudio.com/pattern.php?id=10806&cid=1
232-23,https://www.garnstudio.com/pattern.php?id=10805&cid=1
232-24,https://www.garnstudio.com/pattern.php?id=10804&cid=1
230-3,https://www.garnstudio.com/pattern.php?id=10803&cid=1
230-4,https://www.garnstudio.com/pattern.php?id=10802&cid=1
231-19,https://www.garnstudio.com/pattern.php?id=10801&cid=1
231-33,https://www.garnstudio.com/pattern.php?id=10800&cid=1
231-34,https://www.garnstudio.com/pattern.php?id=10799&cid=1
230-24,https://www.garnstudio.com/pattern.php?id=10798&cid=1
230-23,https://www.garnstudio.com/pattern.php?id=10797&cid=1
Children 41-35,https://www.garnstudio.com/pattern.php?id=10796&cid=1
Children 41-34,https://www.garnstudio.com/pattern.php?id=10795&cid=1
229-33,https://www.garnstudio.com/pattern.php?id=10794&cid=1
229-35,https://www.garnstudio.com/pattern.php?id=10793&cid=1
229-34,https://www.garnstudio.com/pattern.php?id=10792&cid=1
224-35,https://www.garnstudio.com/pattern.php?id=10791&cid=1
231-11,https://www.garnstudio.com/pattern.php?id=10784&cid=1
232-50,https://www.garnstudio.com/pattern.php?id=10790&cid=1
232-28,https://www.garnstudio.com/pattern.php?id=10789&cid=1
232-27,https://www.garnstudio.com/pattern.php?id=10788&cid=1
232-37,https://www.garnstudio.com/pattern.php?id=10787&cid=1
231-51,https://www.garnstudio.com/pattern.php?id=10786&cid=1
231-36,https://www.garnstudio.com/pattern.php?id=10785&cid=1
231-8,https://www.garnstudio.com/pattern.php?id=10783&cid=1
231-7,https://www.garnstudio.com/pattern.php?id=10782&cid=1
231-6,https://www.garnstudio.com/pattern.php?id=10781&cid=1
232-34,https://www.garnstudio.com/pattern.php?id=10780&cid=1
232-33,https://www.garnstudio.com/pattern.php?id=10779&cid=1
232-21,https://www.garnstudio.com/pattern.php?id=10778&cid=1
232-22,https://www.garnstudio.com/pattern.php?id=10777&cid=1
231-29,https://www.garnstudio.com/pattern.php?id=10776&cid=1
231-30,https://www.garnstudio.com/pattern.php?id=10775&cid=1
231-32,https://www.garnstudio.com/pattern.php?id=10774&cid=1
231-24,https://www.garnstudio.com/pattern.php?id=10773&cid=1
231-23,https://www.garnstudio.com/pattern.php?id=10772&cid=1
229-21,https://www.garnstudio.com/pattern.php?id=10768&cid=1
229-22,https://www.garnstudio.com/pattern.php?id=10769&cid=1
229-25,https://www.garnstudio.com/pattern.php?id=10770&cid=1
229-26,https://www.garnstudio.com/pattern.php?id=10771&cid=1
232-12,https://www.garnstudio.com/pattern.php?id=10766&cid=1
229-3,https://www.garnstudio.com/pattern.php?id=10760&cid=1
231-28,https://www.garnstudio.com/pattern.php?id=10757&cid=1
231-27,https://www.garnstudio.com/pattern.php?id=10755&cid=1
232-38,https://www.garnstudio.com/pattern.php?id=10754&cid=1
231-17,https://www.garnstudio.com/pattern.php?id=10753&cid=1
231-18,https://www.garnstudio.com/pattern.php?id=10752&cid=1
230-15,https://www.garnstudio.com/pattern.php?id=10751&cid=1
230-16,https://www.garnstudio.com/pattern.php?id=10750&cid=1
231-15,https://www.garnstudio.com/pattern.php?id=10749&cid=1
231-16,https://www.garnstudio.com/pattern.php?id=10748&cid=1
230-11,https://www.garnstudio.com/pattern.php?id=10747&cid=1
230-12,https://www.garnstudio.com/pattern.php?id=10746&cid=1
229-9,https://www.garnstudio.com/pattern.php?id=10745&cid=1
229-10,https://www.garnstudio.com/pattern.php?id=10744&cid=1
229-13,https://www.garnstudio.com/pattern.php?id=10742&cid=1
229-12,https://www.garnstudio.com/pattern.php?id=10740&cid=1
230-2,https://www.garnstudio.com/pattern.php?id=10739&cid=1
230-52,https://www.garnstudio.com/pattern.php?id=10738&cid=1
230-29,https://www.garnstudio.com/pattern.php?id=10735&cid=1
230-30,https://www.garnstudio.com/pattern.php?id=10734&cid=1
232-30,https://www.garnstudio.com/pattern.php?id=10733&cid=1
232-29,https://www.garnstudio.com/pattern.php?id=10732&cid=1
230-31,https://www.garnstudio.com/pattern.php?id=10731&cid=1
230-9,https://www.garnstudio.com/pattern.php?id=10730&cid=1
230-10,https://www.garnstudio.com/pattern.php?id=10729&cid=1
230-5,https://www.garnstudio.com/pattern.php?id=10728&cid=1
232-42,https://www.garnstudio.com/pattern.php?id=10727&cid=1
231-53,https://www.garnstudio.com/pattern.php?id=10726&cid=1
231-54,https://www.garnstudio.com/pattern.php?id=10725&cid=1
231-39,https://www.garnstudio.com/pattern.php?id=10724&cid=1
231-40,https://www.garnstudio.com/pattern.php?id=10723&cid=1
231-9,https://www.garnstudio.com/pattern.php?id=10722&cid=1
231-10,https://www.garnstudio.com/pattern.php?id=10721&cid=1
232-46,https://www.garnstudio.com/pattern.php?id=10720&cid=1
232-45,https://www.garnstudio.com/pattern.php?id=10719&cid=1
231-52,https://www.garnstudio.com/pattern.php?id=10718&cid=1
230-45,https://www.garnstudio.com/pattern.php?id=10715&cid=1
232-11,https://www.garnstudio.com/pattern.php?id=10714&cid=1
232-7,https://www.garnstudio.com/pattern.php?id=10713&cid=1
232-8,https://www.garnstudio.com/pattern.php?id=10712&cid=1
230-7,https://www.garnstudio.com/pattern.php?id=10717&cid=1
230-8,https://www.garnstudio.com/pattern.php?id=10716&cid=1
Baby 42-12,https://www.garnstudio.com/pattern.php?id=10692&cid=1
Baby 42-10,https://www.garnstudio.com/pattern.php?id=10691&cid=1
Baby 42-13,https://www.garnstudio.com/pattern.php?id=10690&cid=1
Baby 42-11,https://www.garnstudio.com/pattern.php?id=10689&cid=1
Baby 42-21,https://www.garnstudio.com/pattern.php?id=10688&cid=1
Baby 42-19,https://www.garnstudio.com/pattern.php?id=10687&cid=1
Baby 42-18,https://www.garnstudio.com/pattern.php?id=10686&cid=1
Baby 42-20,https://www.garnstudio.com/pattern.php?id=10685&cid=1
Baby 42-17,https://www.garnstudio.com/pattern.php?id=10684&cid=1
Baby 42-15,https://www.garnstudio.com/pattern.php?id=10683&cid=1
232-15,https://www.garnstudio.com/pattern.php?id=10711&cid=1
232-16,https://www.garnstudio.com/pattern.php?id=10710&cid=1
231-2,https://www.garnstudio.com/pattern.php?id=10709&cid=1
231-1,https://www.garnstudio.com/pattern.php?id=10708&cid=1
231-4,https://www.garnstudio.com/pattern.php?id=10707&cid=1
231-3,https://www.garnstudio.com/pattern.php?id=10706&cid=1
232-41,https://www.garnstudio.com/pattern.php?id=10705&cid=1
231-12,https://www.garnstudio.com/pattern.php?id=10704&cid=1
230-55,https://www.garnstudio.com/pattern.php?id=10703&cid=1
230-56,https://www.garnstudio.com/pattern.php?id=10702&cid=1
232-5,https://www.garnstudio.com/pattern.php?id=10701&cid=1
232-6,https://www.garnstudio.com/pattern.php?id=10700&cid=1
232-2,https://www.garnstudio.com/pattern.php?id=10699&cid=1
232-4,https://www.garnstudio.com/pattern.php?id=10698&cid=1
232-3,https://www.garnstudio.com/pattern.php?id=10697&cid=1
232-1,https://www.garnstudio.com/pattern.php?id=10696&cid=1
Extra 0-1568,https://www.garnstudio.com/pattern.php?id=10695&cid=1
Extra 0-1567,https://www.garnstudio.com/pattern.php?id=10694&cid=1
Baby 42-8,https://www.garnstudio.com/pattern.php?id=10682&cid=1
Baby 42-7,https://www.garnstudio.com/pattern.php?id=10681&cid=1
Baby 42-5,https://www.garnstudio.com/pattern.php?id=10680&cid=1
Baby 42-6,https://www.garnstudio.com/pattern.php?id=10679&cid=1
Baby 42-9,https://www.garnstudio.com/pattern.php?id=10678&cid=1
Baby 42-2,https://www.garnstudio.com/pattern.php?id=10677&cid=1
Baby 42-16,https://www.garnstudio.com/pattern.php?id=10676&cid=1
Baby 42-4,https://www.garnstudio.com/pattern.php?id=10675&cid=1
Baby 42-3,https://www.garnstudio.com/pattern.php?id=10674&cid=1
Baby 42-1,https://www.garnstudio.com/pattern.php?id=10673&cid=1
228-56,https://www.garnstudio.com/pattern.php?id=10665&cid=1
228-57,https://www.garnstudio.com/pattern.php?id=10666&cid=1
228-58,https://www.garnstudio.com/pattern.php?id=10667&cid=1
228-59,https://www.garnstudio.com/pattern.php?id=10668&cid=1
228-60,https://www.garnstudio.com/pattern.php?id=10669&cid=1
228-61,https://www.garnstudio.com/pattern.php?id=10670&cid=1
228-62,https://www.garnstudio.com/pattern.php?id=10671&cid=1
228-63,https://www.garnstudio.com/pattern.php?id=10672&cid=1
Extra 0-1562,https://www.garnstudio.com/pattern.php?id=10649&cid=1
Extra 0-1558,https://www.garnstudio.com/pattern.php?id=10645&cid=1
Extra 0-1556,https://www.garnstudio.com/pattern.php?id=10643&cid=1
Extra 0-1553,https://www.garnstudio.com/pattern.php?id=10640&cid=1
Extra 0-1552,https://www.garnstudio.com/pattern.php?id=10639&cid=1
Extra 0-1551,https://www.garnstudio.com/pattern.php?id=10638&cid=1
228-55,https://www.garnstudio.com/pattern.php?id=10664&cid=1
Extra 0-1548,https://www.garnstudio.com/pattern.php?id=10635&cid=1
Children 41-30,https://www.garnstudio.com/pattern.php?id=10629&cid=1
Extra 0-1545,https://www.garnstudio.com/pattern.php?id=10632&cid=1
Extra 0-1544,https://www.garnstudio.com/pattern.php?id=10631&cid=1
Extra 0-1543,https://www.garnstudio.com/pattern.php?id=10630&cid=1
224-33,https://www.garnstudio.com/pattern.php?id=10661&cid=1
224-32,https://www.garnstudio.com/pattern.php?id=10660&cid=1
Baby 42-22,https://www.garnstudio.com/pattern.php?id=10663&cid=1
224-34,https://www.garnstudio.com/pattern.php?id=10662&cid=1
226-62,https://www.garnstudio.com/pattern.php?id=10659&cid=1
226-61,https://www.garnstudio.com/pattern.php?id=10658&cid=1
226-60,https://www.garnstudio.com/pattern.php?id=10657&cid=1
226-59,https://www.garnstudio.com/pattern.php?id=10656&cid=1
226-58,https://www.garnstudio.com/pattern.php?id=10655&cid=1
226-57,https://www.garnstudio.com/pattern.php?id=10654&cid=1
227-65,https://www.garnstudio.com/pattern.php?id=10627&cid=1
225-23,https://www.garnstudio.com/pattern.php?id=10626&cid=1
225-24,https://www.garnstudio.com/pattern.php?id=10625&cid=1
225-27,https://www.garnstudio.com/pattern.php?id=10624&cid=1
225-40,https://www.garnstudio.com/pattern.php?id=10623&cid=1
225-15,https://www.garnstudio.com/pattern.php?id=10621&cid=1
225-28,https://www.garnstudio.com/pattern.php?id=10620&cid=1
226-15,https://www.garnstudio.com/pattern.php?id=10619&cid=1
226-32,https://www.garnstudio.com/pattern.php?id=10618&cid=1
226-27,https://www.garnstudio.com/pattern.php?id=10617&cid=1
226-28,https://www.garnstudio.com/pattern.php?id=10616&cid=1
226-44,https://www.garnstudio.com/pattern.php?id=10615&cid=1
226-43,https://www.garnstudio.com/pattern.php?id=10614&cid=1
Children 41-33,https://www.garnstudio.com/pattern.php?id=10613&cid=1
Children 41-31,https://www.garnstudio.com/pattern.php?id=10612&cid=1
Children 41-32,https://www.garnstudio.com/pattern.php?id=10611&cid=1
224-29,https://www.garnstudio.com/pattern.php?id=10610&cid=1
224-31,https://www.garnstudio.com/pattern.php?id=10609&cid=1
224-30,https://www.garnstudio.com/pattern.php?id=10608&cid=1
227-67,https://www.garnstudio.com/pattern.php?id=10607&cid=1
227-61,https://www.garnstudio.com/pattern.php?id=10606&cid=1
227-63,https://www.garnstudio.com/pattern.php?id=10604&cid=1
227-59,https://www.garnstudio.com/pattern.php?id=10603&cid=1
227-54,https://www.garnstudio.com/pattern.php?id=10602&cid=1
227-57,https://www.garnstudio.com/pattern.php?id=10601&cid=1
227-58,https://www.garnstudio.com/pattern.php?id=10600&cid=1
Children 41-28,https://www.garnstudio.com/pattern.php?id=10599&cid=1
Children 41-27,https://www.garnstudio.com/pattern.php?id=10598&cid=1
Children 41-26,https://www.garnstudio.com/pattern.php?id=10597&cid=1
Children 41-25,https://www.garnstudio.com/pattern.php?id=10596&cid=1
Children 41-23,https://www.garnstudio.com/pattern.php?id=10594&cid=1
Children 41-22,https://www.garnstudio.com/pattern.php?id=10593&cid=1
Children 41-21,https://www.garnstudio.com/pattern.php?id=10592&cid=1
Children 41-20,https://www.garnstudio.com/pattern.php?id=10591&cid=1
226-54,https://www.garnstudio.com/pattern.php?id=10590&cid=1
226-53,https://www.garnstudio.com/pattern.php?id=10589&cid=1
226-56,https://www.garnstudio.com/pattern.php?id=10588&cid=1
226-55,https://www.garnstudio.com/pattern.php?id=10587&cid=1
226-50,https://www.garnstudio.com/pattern.php?id=10586&cid=1
226-49,https://www.garnstudio.com/pattern.php?id=10585&cid=1
226-48,https://www.garnstudio.com/pattern.php?id=10584&cid=1
226-51,https://www.garnstudio.com/pattern.php?id=10583&cid=1
226-52,https://www.garnstudio.com/pattern.php?id=10582&cid=1
226-17,https://www.garnstudio.com/pattern.php?id=10581&cid=1
226-18,https://www.garnstudio.com/pattern.php?id=10580&cid=1
226-29,https://www.garnstudio.com/pattern.php?id=10579&cid=1
226-30,https://www.garnstudio.com/pattern.php?id=10578&cid=1
226-22,https://www.garnstudio.com/pattern.php?id=10577&cid=1
226-38,https://www.garnstudio.com/pattern.php?id=10576&cid=1
226-37,https://www.garnstudio.com/pattern.php?id=10575&cid=1
226-6,https://www.garnstudio.com/pattern.php?id=10574&cid=1
227-51,https://www.garnstudio.com/pattern.php?id=10573&cid=1
227-52,https://www.garnstudio.com/pattern.php?id=10572&cid=1
228-13,https://www.garnstudio.com/pattern.php?id=10571&cid=1
228-14,https://www.garnstudio.com/pattern.php?id=10570&cid=1
228-38,https://www.garnstudio.com/pattern.php?id=10569&cid=1
228-37,https://www.garnstudio.com/pattern.php?id=10568&cid=1
228-36,https://www.garnstudio.com/pattern.php?id=10567&cid=1
228-35,https://www.garnstudio.com/pattern.php?id=10566&cid=1
228-40,https://www.garnstudio.com/pattern.php?id=10565&cid=1
227-18,https://www.garnstudio.com/pattern.php?id=10564&cid=1
227-17,https://www.garnstudio.com/pattern.php?id=10563&cid=1
Children 41-4,https://www.garnstudio.com/pattern.php?id=10562&cid=1
228-49,https://www.garnstudio.com/pattern.php?id=10561&cid=1
Children 41-19,https://www.garnstudio.com/pattern.php?id=10560&cid=1
Children 41-3,https://www.garnstudio.com/pattern.php?id=10559&cid=1
228-50,https://www.garnstudio.com/pattern.php?id=10558&cid=1
Children 41-17,https://www.garnstudio.com/pattern.php?id=10557&cid=1
Children 41-2,https://www.garnstudio.com/pattern.php?id=10556&cid=1
228-47,https://www.garnstudio.com/pattern.php?id=10554&cid=1
228-54,https://www.garnstudio.com/pattern.php?id=10553&cid=1
Children 41-18,https://www.garnstudio.com/pattern.php?id=10552&cid=1
Children 41-1,https://www.garnstudio.com/pattern.php?id=10551&cid=1
224-5,https://www.garnstudio.com/pattern.php?id=10550&cid=1
228-48,https://www.garnstudio.com/pattern.php?id=10549&cid=1
224-6,https://www.garnstudio.com/pattern.php?id=10555&cid=1
227-50,https://www.garnstudio.com/pattern.php?id=10548&cid=1
227-26,https://www.garnstudio.com/pattern.php?id=10547&cid=1
227-25,https://www.garnstudio.com/pattern.php?id=10546&cid=1
227-28,https://www.garnstudio.com/pattern.php?id=10545&cid=1
227-11,https://www.garnstudio.com/pattern.php?id=10544&cid=1
227-24,https://www.garnstudio.com/pattern.php?id=10543&cid=1
227-23,https://www.garnstudio.com/pattern.php?id=10542&cid=1
228-27,https://www.garnstudio.com/pattern.php?id=10541&cid=1
228-28,https://www.garnstudio.com/pattern.php?id=10540&cid=1
228-45,https://www.garnstudio.com/pattern.php?id=10539&cid=1
228-46,https://www.garnstudio.com/pattern.php?id=10538&cid=1
228-22,https://www.garnstudio.com/pattern.php?id=10537&cid=1
224-28,https://www.garnstudio.com/pattern.php?id=10536&cid=1
224-27,https://www.garnstudio.com/pattern.php?id=10535&cid=1
224-26,https://www.garnstudio.com/pattern.php?id=10534&cid=1
224-25,https://www.garnstudio.com/pattern.php?id=10533&cid=1
224-24,https://www.garnstudio.com/pattern.php?id=10532&cid=1
224-23,https://www.garnstudio.com/pattern.php?id=10531&cid=1
225-36,https://www.garnstudio.com/pattern.php?id=10530&cid=1
225-17,https://www.garnstudio.com/pattern.php?id=10529&cid=1
225-39,https://www.garnstudio.com/pattern.php?id=10528&cid=1
225-26,https://www.garnstudio.com/pattern.php?id=10527&cid=1
225-31,https://www.garnstudio.com/pattern.php?id=10526&cid=1
226-5,https://www.garnstudio.com/pattern.php?id=10524&cid=1
226-8,https://www.garnstudio.com/pattern.php?id=10523&cid=1
226-7,https://www.garnstudio.com/pattern.php?id=10522&cid=1
226-35,https://www.garnstudio.com/pattern.php?id=10521&cid=1
226-36,https://www.garnstudio.com/pattern.php?id=10520&cid=1
226-12,https://www.garnstudio.com/pattern.php?id=10519&cid=1
226-11,https://www.garnstudio.com/pattern.php?id=10518&cid=1
226-46,https://www.garnstudio.com/pattern.php?id=10517&cid=1
226-45,https://www.garnstudio.com/pattern.php?id=10516&cid=1
226-34,https://www.garnstudio.com/pattern.php?id=10515&cid=1
226-21,https://www.garnstudio.com/pattern.php?id=10514&cid=1
Children 41-16,https://www.garnstudio.com/pattern.php?id=10513&cid=1
Children 41-15,https://www.garnstudio.com/pattern.php?id=10512&cid=1
Children 41-14,https://www.garnstudio.com/pattern.php?id=10511&cid=1
Children 41-13,https://www.garnstudio.com/pattern.php?id=10510&cid=1
Children 41-12,https://www.garnstudio.com/pattern.php?id=10509&cid=1
Children 41-11,https://www.garnstudio.com/pattern.php?id=10508&cid=1
Children 41-10,https://www.garnstudio.com/pattern.php?id=10507&cid=1
Children 41-9,https://www.garnstudio.com/pattern.php?id=10506&cid=1
Children 41-8,https://www.garnstudio.com/pattern.php?id=10505&cid=1
Children 41-6,https://www.garnstudio.com/pattern.php?id=10503&cid=1
Children 41-5,https://www.garnstudio.com/pattern.php?id=10502&cid=1
Children 41-7,https://www.garnstudio.com/pattern.php?id=10504&cid=1
Extra 0-1540,https://www.garnstudio.com/pattern.php?id=10499&cid=1
228-53,https://www.garnstudio.com/pattern.php?id=10498&cid=1
228-52,https://www.garnstudio.com/pattern.php?id=10497&cid=1
226-16,https://www.garnstudio.com/pattern.php?id=10496&cid=1
226-40,https://www.garnstudio.com/pattern.php?id=10495&cid=1
226-39,https://www.garnstudio.com/pattern.php?id=10494&cid=1
226-25,https://www.garnstudio.com/pattern.php?id=10493&cid=1
226-33,https://www.garnstudio.com/pattern.php?id=10492&cid=1
226-23,https://www.garnstudio.com/pattern.php?id=10491&cid=1
226-24,https://www.garnstudio.com/pattern.php?id=10490&cid=1
226-41,https://www.garnstudio.com/pattern.php?id=10489&cid=1
226-42,https://www.garnstudio.com/pattern.php?id=10488&cid=1
226-31,https://www.garnstudio.com/pattern.php?id=10487&cid=1
226-19,https://www.garnstudio.com/pattern.php?id=10486&cid=1
228-31,https://www.garnstudio.com/pattern.php?id=10485&cid=1
228-32,https://www.garnstudio.com/pattern.php?id=10484&cid=1
227-47,https://www.garnstudio.com/pattern.php?id=10483&cid=1
228-29,https://www.garnstudio.com/pattern.php?id=10482&cid=1
227-41,https://www.garnstudio.com/pattern.php?id=10481&cid=1
227-32,https://www.garnstudio.com/pattern.php?id=10480&cid=1
227-31,https://www.garnstudio.com/pattern.php?id=10479&cid=1
227-37,https://www.garnstudio.com/pattern.php?id=10478&cid=1
228-33,https://www.garnstudio.com/pattern.php?id=10475&cid=1
228-12,https://www.garnstudio.com/pattern.php?id=10474&cid=1
228-30,https://www.garnstudio.com/pattern.php?id=10473&cid=1
228-39,https://www.garnstudio.com/pattern.php?id=10472&cid=1
227-55,https://www.garnstudio.com/pattern.php?id=10470&cid=1
227-66,https://www.garnstudio.com/pattern.php?id=10469&cid=1
227-62,https://www.garnstudio.com/pattern.php?id=10467&cid=1
225-18,https://www.garnstudio.com/pattern.php?id=10466&cid=1
225-35,https://www.garnstudio.com/pattern.php?id=10465&cid=1
225-11,https://www.garnstudio.com/pattern.php?id=10464&cid=1
225-12,https://www.garnstudio.com/pattern.php?id=10463&cid=1
225-10,https://www.garnstudio.com/pattern.php?id=10461&cid=1
225-34,https://www.garnstudio.com/pattern.php?id=10460&cid=1
225-13,https://www.garnstudio.com/pattern.php?id=10459&cid=1
225-16,https://www.garnstudio.com/pattern.php?id=10458&cid=1
225-5,https://www.garnstudio.com/pattern.php?id=10456&cid=1
225-42,https://www.garnstudio.com/pattern.php?id=10455&cid=1
225-9,https://www.garnstudio.com/pattern.php?id=10454&cid=1
225-7,https://www.garnstudio.com/pattern.php?id=10453&cid=1
225-3,https://www.garnstudio.com/pattern.php?id=10452&cid=1
227-48,https://www.garnstudio.com/pattern.php?id=10451&cid=1
228-25,https://www.garnstudio.com/pattern.php?id=10450&cid=1
228-26,https://www.garnstudio.com/pattern.php?id=10449&cid=1
227-16,https://www.garnstudio.com/pattern.php?id=10448&cid=1
227-15,https://www.garnstudio.com/pattern.php?id=10447&cid=1
227-34,https://www.garnstudio.com/pattern.php?id=10446&cid=1
227-49,https://www.garnstudio.com/pattern.php?id=10445&cid=1
228-42,https://www.garnstudio.com/pattern.php?id=10444&cid=1
228-41,https://www.garnstudio.com/pattern.php?id=10443&cid=1
228-11,https://www.garnstudio.com/pattern.php?id=10442&cid=1
228-21,https://www.garnstudio.com/pattern.php?id=10441&cid=1
225-37,https://www.garnstudio.com/pattern.php?id=10440&cid=1
228-51,https://www.garnstudio.com/pattern.php?id=10439&cid=1
228-7,https://www.garnstudio.com/pattern.php?id=10438&cid=1
228-34,https://www.garnstudio.com/pattern.php?id=10437&cid=1
228-20,https://www.garnstudio.com/pattern.php?id=10436&cid=1
227-27,https://www.garnstudio.com/pattern.php?id=10434&cid=1
227-33,https://www.garnstudio.com/pattern.php?id=10433&cid=1
228-43,https://www.garnstudio.com/pattern.php?id=10432&cid=1
228-19,https://www.garnstudio.com/pattern.php?id=10435&cid=1
Children 40-36,https://www.garnstudio.com/pattern.php?id=10431&cid=1
Children 40-31,https://www.garnstudio.com/pattern.php?id=10430&cid=1
Children 40-29,https://www.garnstudio.com/pattern.php?id=10429&cid=1
Children 40-30,https://www.garnstudio.com/pattern.php?id=10428&cid=1
Children 40-28,https://www.garnstudio.com/pattern.php?id=10427&cid=1
Children 40-35,https://www.garnstudio.com/pattern.php?id=10426&cid=1
Children 40-34,https://www.garnstudio.com/pattern.php?id=10425&cid=1
Children 40-26,https://www.garnstudio.com/pattern.php?id=10424&cid=1
Children 40-27,https://www.garnstudio.com/pattern.php?id=10423&cid=1
Children 40-32,https://www.garnstudio.com/pattern.php?id=10422&cid=1
Children 40-33,https://www.garnstudio.com/pattern.php?id=10421&cid=1
224-22,https://www.garnstudio.com/pattern.php?id=10420&cid=1
224-21,https://www.garnstudio.com/pattern.php?id=10419&cid=1
224-20,https://www.garnstudio.com/pattern.php?id=10418&cid=1
224-19,https://www.garnstudio.com/pattern.php?id=10417&cid=1
224-18,https://www.garnstudio.com/pattern.php?id=10416&cid=1
224-17,https://www.garnstudio.com/pattern.php?id=10415&cid=1
224-16,https://www.garnstudio.com/pattern.php?id=10414&cid=1
224-15,https://www.garnstudio.com/pattern.php?id=10413&cid=1
224-14,https://www.garnstudio.com/pattern.php?id=10412&cid=1
224-13,https://www.garnstudio.com/pattern.php?id=10411&cid=1
224-12,https://www.garnstudio.com/pattern.php?id=10410&cid=1
224-11,https://www.garnstudio.com/pattern.php?id=10409&cid=1
224-10,https://www.garnstudio.com/pattern.php?id=10408&cid=1
224-9,https://www.garnstudio.com/pattern.php?id=10407&cid=1
224-8,https://www.garnstudio.com/pattern.php?id=10406&cid=1
224-7,https://www.garnstudio.com/pattern.php?id=10405&cid=1
224-4,https://www.garnstudio.com/pattern.php?id=10404&cid=1
224-3,https://www.garnstudio.com/pattern.php?id=10403&cid=1
227-22,https://www.garnstudio.com/pattern.php?id=10400&cid=1
228-10,https://www.garnstudio.com/pattern.php?id=10399&cid=1
228-9,https://www.garnstudio.com/pattern.php?id=10398&cid=1
228-15,https://www.garnstudio.com/pattern.php?id=10397&cid=1
228-16,https://www.garnstudio.com/pattern.php?id=10396&cid=1
228-17,https://www.garnstudio.com/pattern.php?id=10395&cid=1
228-18,https://www.garnstudio.com/pattern.php?id=10394&cid=1
227-46,https://www.garnstudio.com/pattern.php?id=10393&cid=1
227-45,https://www.garnstudio.com/pattern.php?id=10392&cid=1
225-32,https://www.garnstudio.com/pattern.php?id=10391&cid=1
225-4,https://www.garnstudio.com/pattern.php?id=10390&cid=1
225-29,https://www.garnstudio.com/pattern.php?id=10388&cid=1
225-14,https://www.garnstudio.com/pattern.php?id=10387&cid=1
225-6,https://www.garnstudio.com/pattern.php?id=10383&cid=1
225-41,https://www.garnstudio.com/pattern.php?id=10382&cid=1
Children 40-4,https://www.garnstudio.com/pattern.php?id=10381&cid=1
Children 40-23,https://www.garnstudio.com/pattern.php?id=10380&cid=1
Children 40-10,https://www.garnstudio.com/pattern.php?id=10379&cid=1
Children 40-25,https://www.garnstudio.com/pattern.php?id=10378&cid=1
Children 40-16,https://www.garnstudio.com/pattern.php?id=10377&cid=1
Children 40-15,https://www.garnstudio.com/pattern.php?id=10376&cid=1
227-7,https://www.garnstudio.com/pattern.php?id=10375&cid=1
227-8,https://www.garnstudio.com/pattern.php?id=10374&cid=1
227-42,https://www.garnstudio.com/pattern.php?id=10373&cid=1
228-5,https://www.garnstudio.com/pattern.php?id=10372&cid=1
228-8,https://www.garnstudio.com/pattern.php?id=10371&cid=1
228-3,https://www.garnstudio.com/pattern.php?id=10370&cid=1
227-10,https://www.garnstudio.com/pattern.php?id=10369&cid=1
227-9,https://www.garnstudio.com/pattern.php?id=10368&cid=1
226-26,https://www.garnstudio.com/pattern.php?id=10366&cid=1
226-20,https://www.garnstudio.com/pattern.php?id=10365&cid=1
226-13,https://www.garnstudio.com/pattern.php?id=10364&cid=1
226-14,https://www.garnstudio.com/pattern.php?id=10363&cid=1
226-4,https://www.garnstudio.com/pattern.php?id=10362&cid=1
226-3,https://www.garnstudio.com/pattern.php?id=10361&cid=1
226-2,https://www.garnstudio.com/pattern.php?id=10360&cid=1
226-1,https://www.garnstudio.com/pattern.php?id=10359&cid=1
226-10,https://www.garnstudio.com/pattern.php?id=10358&cid=1
226-9,https://www.garnstudio.com/pattern.php?id=10357&cid=1
227-39,https://www.garnstudio.com/pattern.php?id=10356&cid=1
227-40,https://www.garnstudio.com/pattern.php?id=10355&cid=1
227-3,https://www.garnstudio.com/pattern.php?id=10354&cid=1
227-4,https://www.garnstudio.com/pattern.php?id=10353&cid=1
227-43,https://www.garnstudio.com/pattern.php?id=10352&cid=1
227-44,https://www.garnstudio.com/pattern.php?id=10351&cid=1
227-53,https://www.garnstudio.com/pattern.php?id=10350&cid=1
227-6,https://www.garnstudio.com/pattern.php?id=10349&cid=1
227-5,https://www.garnstudio.com/pattern.php?id=10348&cid=1
228-23,https://www.garnstudio.com/pattern.php?id=10347&cid=1
228-24,https://www.garnstudio.com/pattern.php?id=10346&cid=1
228-44,https://www.garnstudio.com/pattern.php?id=10345&cid=1
228-4,https://www.garnstudio.com/pattern.php?id=10344&cid=1
227-14,https://www.garnstudio.com/pattern.php?id=10343&cid=1
227-13,https://www.garnstudio.com/pattern.php?id=10342&cid=1
227-21,https://www.garnstudio.com/pattern.php?id=10341&cid=1
227-38,https://www.garnstudio.com/pattern.php?id=10340&cid=1
225-8,https://www.garnstudio.com/pattern.php?id=10338&cid=1
225-1,https://www.garnstudio.com/pattern.php?id=10337&cid=1
225-2,https://www.garnstudio.com/pattern.php?id=10336&cid=1
227-12,https://www.garnstudio.com/pattern.php?id=10335&cid=1
227-36,https://www.garnstudio.com/pattern.php?id=10334&cid=1
227-35,https://www.garnstudio.com/pattern.php?id=10333&cid=1
227-2,https://www.garnstudio.com/pattern.php?id=10332&cid=1
227-1,https://www.garnstudio.com/pattern.php?id=10331&cid=1
228-6,https://www.garnstudio.com/pattern.php?id=10330&cid=1
228-2,https://www.garnstudio.com/pattern.php?id=10329&cid=1
228-1,https://www.garnstudio.com/pattern.php?id=10328&cid=1
Children 40-12,https://www.garnstudio.com/pattern.php?id=10327&cid=1
Children 40-21,https://www.garnstudio.com/pattern.php?id=10326&cid=1
Children 40-8,https://www.garnstudio.com/pattern.php?id=10325&cid=1
Children 40-17,https://www.garnstudio.com/pattern.php?id=10324&cid=1
Children 40-22,https://www.garnstudio.com/pattern.php?id=10323&cid=1
Children 40-13,https://www.garnstudio.com/pattern.php?id=10322&cid=1
Children 40-18,https://www.garnstudio.com/pattern.php?id=10321&cid=1
Children 40-9,https://www.garnstudio.com/pattern.php?id=10320&cid=1
Children 40-7,https://www.garnstudio.com/pattern.php?id=10319&cid=1
Children 40-6,https://www.garnstudio.com/pattern.php?id=10318&cid=1
Children 40-14,https://www.garnstudio.com/pattern.php?id=10317&cid=1
Children 40-24,https://www.garnstudio.com/pattern.php?id=10316&cid=1
Children 40-19,https://www.garnstudio.com/pattern.php?id=10315&cid=1
Children 40-11,https://www.garnstudio.com/pattern.php?id=10314&cid=1
Children 40-20,https://www.garnstudio.com/pattern.php?id=10313&cid=1
Children 40-5,https://www.garnstudio.com/pattern.php?id=10312&cid=1
Children 40-3,https://www.garnstudio.com/pattern.php?id=10310&cid=1
Children 40-2,https://www.garnstudio.com/pattern.php?id=10309&cid=1
Children 40-1,https://www.garnstudio.com/pattern.php?id=10308&cid=1
221-50,https://www.garnstudio.com/pattern.php?id=10306&cid=1
221-52,https://www.garnstudio.com/pattern.php?id=10305&cid=1
221-53,https://www.garnstudio.com/pattern.php?id=10304&cid=1
222-51,https://www.garnstudio.com/pattern.php?id=10303&cid=1
222-50,https://www.garnstudio.com/pattern.php?id=10302&cid=1
222-49,https://www.garnstudio.com/pattern.php?id=10301&cid=1
222-48,https://www.garnstudio.com/pattern.php?id=10300&cid=1
222-47,https://www.garnstudio.com/pattern.php?id=10299&cid=1
222-46,https://www.garnstudio.com/pattern.php?id=10298&cid=1
222-45,https://www.garnstudio.com/pattern.php?id=10297&cid=1
222-44,https://www.garnstudio.com/pattern.php?id=10296&cid=1
222-43,https://www.garnstudio.com/pattern.php?id=10295&cid=1
222-42,https://www.garnstudio.com/pattern.php?id=10294&cid=1
221-47,https://www.garnstudio.com/pattern.php?id=10293&cid=1
221-49,https://www.garnstudio.com/pattern.php?id=10292&cid=1
221-48,https://www.garnstudio.com/pattern.php?id=10290&cid=1
221-45,https://www.garnstudio.com/pattern.php?id=10289&cid=1
Baby & Children 39-8,https://www.garnstudio.com/pattern.php?id=10288&cid=1
Baby & Children 39-7,https://www.garnstudio.com/pattern.php?id=10287&cid=1
Baby & Children 39-6,https://www.garnstudio.com/pattern.php?id=10286&cid=1
Baby & Children 39-5,https://www.garnstudio.com/pattern.php?id=10285&cid=1
Baby & Children 39-4,https://www.garnstudio.com/pattern.php?id=10284&cid=1
Baby & Children 39-3,https://www.garnstudio.com/pattern.php?id=10283&cid=1
Baby & Children 39-2,https://www.garnstudio.com/pattern.php?id=10282&cid=1
Baby & Children 39-1,https://www.garnstudio.com/pattern.php?id=10281&cid=1
220-17,https://www.garnstudio.com/pattern.php?id=10280&cid=1
220-14,https://www.garnstudio.com/pattern.php?id=10279&cid=1
223-29,https://www.garnstudio.com/pattern.php?id=10277&cid=1
221-18,https://www.garnstudio.com/pattern.php?id=10276&cid=1
221-14,https://www.garnstudio.com/pattern.php?id=10275&cid=1
221-13,https://www.garnstudio.com/pattern.php?id=10274&cid=1
221-11,https://www.garnstudio.com/pattern.php?id=10273&cid=1
221-26,https://www.garnstudio.com/pattern.php?id=10272&cid=1
221-22,https://www.garnstudio.com/pattern.php?id=10271&cid=1
223-25,https://www.garnstudio.com/pattern.php?id=10270&cid=1
223-30,https://www.garnstudio.com/pattern.php?id=10269&cid=1
223-33,https://www.garnstudio.com/pattern.php?id=10268&cid=1
223-27,https://www.garnstudio.com/pattern.php?id=10267&cid=1
224-1,https://www.garnstudio.com/pattern.php?id=10266&cid=1
224-2,https://www.garnstudio.com/pattern.php?id=10265&cid=1
223-31,https://www.garnstudio.com/pattern.php?id=10264&cid=1
223-18,https://www.garnstudio.com/pattern.php?id=10262&cid=1
220-24,https://www.garnstudio.com/pattern.php?id=10261&cid=1
220-35,https://www.garnstudio.com/pattern.php?id=10260&cid=1
220-36,https://www.garnstudio.com/pattern.php?id=10259&cid=1
220-34,https://www.garnstudio.com/pattern.php?id=10257&cid=1
220-29,https://www.garnstudio.com/pattern.php?id=10253&cid=1
220-33,https://www.garnstudio.com/pattern.php?id=10252&cid=1
220-38,https://www.garnstudio.com/pattern.php?id=10251&cid=1
220-37,https://www.garnstudio.com/pattern.php?id=10250&cid=1
220-39,https://www.garnstudio.com/pattern.php?id=10249&cid=1
221-30,https://www.garnstudio.com/pattern.php?id=10246&cid=1
221-34,https://www.garnstudio.com/pattern.php?id=10243&cid=1
221-33,https://www.garnstudio.com/pattern.php?id=10242&cid=1
221-17,https://www.garnstudio.com/pattern.php?id=10241&cid=1
221-10,https://www.garnstudio.com/pattern.php?id=10240&cid=1
221-9,https://www.garnstudio.com/pattern.php?id=10239&cid=1
220-32,https://www.garnstudio.com/pattern.php?id=10237&cid=1
223-2,https://www.garnstudio.com/pattern.php?id=10235&cid=1
222-32,https://www.garnstudio.com/pattern.php?id=10234&cid=1
220-28,https://www.garnstudio.com/pattern.php?id=10233&cid=1
220-27,https://www.garnstudio.com/pattern.php?id=10232&cid=1
220-26,https://www.garnstudio.com/pattern.php?id=10231&cid=1
222-20,https://www.garnstudio.com/pattern.php?id=10230&cid=1
222-38,https://www.garnstudio.com/pattern.php?id=10229&cid=1
222-31,https://www.garnstudio.com/pattern.php?id=10228&cid=1
221-8,https://www.garnstudio.com/pattern.php?id=10223&cid=1
221-7,https://www.garnstudio.com/pattern.php?id=10222&cid=1
223-21,https://www.garnstudio.com/pattern.php?id=10221&cid=1
223-6,https://www.garnstudio.com/pattern.php?id=10220&cid=1
223-5,https://www.garnstudio.com/pattern.php?id=10219&cid=1
223-13,https://www.garnstudio.com/pattern.php?id=10218&cid=1
220-8,https://www.garnstudio.com/pattern.php?id=10217&cid=1
222-14,https://www.garnstudio.com/pattern.php?id=10215&cid=1
222-13,https://www.garnstudio.com/pattern.php?id=10214&cid=1
222-34,https://www.garnstudio.com/pattern.php?id=10213&cid=1
222-33,https://www.garnstudio.com/pattern.php?id=10212&cid=1
223-36,https://www.garnstudio.com/pattern.php?id=10211&cid=1
222-30,https://www.garnstudio.com/pattern.php?id=10210&cid=1
222-8,https://www.garnstudio.com/pattern.php?id=10209&cid=1
223-26,https://www.garnstudio.com/pattern.php?id=10208&cid=1
220-18,https://www.garnstudio.com/pattern.php?id=10207&cid=1
222-39,https://www.garnstudio.com/pattern.php?id=10206&cid=1
221-40,https://www.garnstudio.com/pattern.php?id=10205&cid=1
222-5,https://www.garnstudio.com/pattern.php?id=10204&cid=1
222-6,https://www.garnstudio.com/pattern.php?id=10203&cid=1
221-35,https://www.garnstudio.com/pattern.php?id=10202&cid=1
221-36,https://www.garnstudio.com/pattern.php?id=10201&cid=1
223-19,https://www.garnstudio.com/pattern.php?id=10200&cid=1
223-20,https://www.garnstudio.com/pattern.php?id=10199&cid=1
220-21,https://www.garnstudio.com/pattern.php?id=10198&cid=1
220-22,https://www.garnstudio.com/pattern.php?id=10197&cid=1
221-25,https://www.garnstudio.com/pattern.php?id=10196&cid=1
221-12,https://www.garnstudio.com/pattern.php?id=10195&cid=1
221-6,https://www.garnstudio.com/pattern.php?id=10194&cid=1
221-5,https://www.garnstudio.com/pattern.php?id=10193&cid=1
222-35,https://www.garnstudio.com/pattern.php?id=10192&cid=1
222-19,https://www.garnstudio.com/pattern.php?id=10191&cid=1
220-43,https://www.garnstudio.com/pattern.php?id=10190&cid=1
220-42,https://www.garnstudio.com/pattern.php?id=10189&cid=1
220-41,https://www.garnstudio.com/pattern.php?id=10188&cid=1
223-38,https://www.garnstudio.com/pattern.php?id=10187&cid=1
223-37,https://www.garnstudio.com/pattern.php?id=10186&cid=1
223-48,https://www.garnstudio.com/pattern.php?id=10184&cid=1
223-45,https://www.garnstudio.com/pattern.php?id=10183&cid=1
223-47,https://www.garnstudio.com/pattern.php?id=10182&cid=1
223-46,https://www.garnstudio.com/pattern.php?id=10181&cid=1
223-44,https://www.garnstudio.com/pattern.php?id=10180&cid=1
223-43,https://www.garnstudio.com/pattern.php?id=10179&cid=1
223-42,https://www.garnstudio.com/pattern.php?id=10178&cid=1
223-40,https://www.garnstudio.com/pattern.php?id=10177&cid=1
223-41,https://www.garnstudio.com/pattern.php?id=10176&cid=1
223-39,https://www.garnstudio.com/pattern.php?id=10175&cid=1
223-32,https://www.garnstudio.com/pattern.php?id=10174&cid=1
223-14,https://www.garnstudio.com/pattern.php?id=10173&cid=1
220-13,https://www.garnstudio.com/pattern.php?id=10170&cid=1
222-41,https://www.garnstudio.com/pattern.php?id=10169&cid=1
223-17,https://www.garnstudio.com/pattern.php?id=10168&cid=1
221-39,https://www.garnstudio.com/pattern.php?id=10167&cid=1
221-38,https://www.garnstudio.com/pattern.php?id=10166&cid=1
221-23,https://www.garnstudio.com/pattern.php?id=10165&cid=1
221-24,https://www.garnstudio.com/pattern.php?id=10164&cid=1
221-21,https://www.garnstudio.com/pattern.php?id=10163&cid=1
222-11,https://www.garnstudio.com/pattern.php?id=10162&cid=1
222-36,https://www.garnstudio.com/pattern.php?id=10161&cid=1
223-24,https://www.garnstudio.com/pattern.php?id=10160&cid=1
222-12,https://www.garnstudio.com/pattern.php?id=10159&cid=1
222-4,https://www.garnstudio.com/pattern.php?id=10158&cid=1
222-3,https://www.garnstudio.com/pattern.php?id=10157&cid=1
Extra 0-1537,https://www.garnstudio.com/pattern.php?id=10154&cid=1
Extra 0-1536,https://www.garnstudio.com/pattern.php?id=10153&cid=1
Extra 0-1535,https://www.garnstudio.com/pattern.php?id=10152&cid=1
Extra 0-1534,https://www.garnstudio.com/pattern.php?id=10151&cid=1
Extra 0-1533,https://www.garnstudio.com/pattern.php?id=10150&cid=1
Extra 0-1532,https://www.garnstudio.com/pattern.php?id=10149&cid=1
Extra 0-1531,https://www.garnstudio.com/pattern.php?id=10148&cid=1
221-32,https://www.garnstudio.com/pattern.php?id=10147&cid=1
221-31,https://www.garnstudio.com/pattern.php?id=10146&cid=1
222-9,https://www.garnstudio.com/pattern.php?id=10145&cid=1
222-10,https://www.garnstudio.com/pattern.php?id=10144&cid=1
221-16,https://www.garnstudio.com/pattern.php?id=10143&cid=1
221-15,https://www.garnstudio.com/pattern.php?id=10142&cid=1
Baby & Children 38-24,https://www.garnstudio.com/pattern.php?id=10141&cid=1
Baby & Children 38-23,https://www.garnstudio.com/pattern.php?id=10140&cid=1
223-3,https://www.garnstudio.com/pattern.php?id=10139&cid=1
223-4,https://www.garnstudio.com/pattern.php?id=10138&cid=1
223-12,https://www.garnstudio.com/pattern.php?id=10137&cid=1
223-11,https://www.garnstudio.com/pattern.php?id=10136&cid=1
223-7,https://www.garnstudio.com/pattern.php?id=10135&cid=1
221-1,https://www.garnstudio.com/pattern.php?id=10134&cid=1
Baby & Children 38-22,https://www.garnstudio.com/pattern.php?id=10131&cid=1
Baby & Children 38-21,https://www.garnstudio.com/pattern.php?id=10130&cid=1
Baby & Children 38-20,https://www.garnstudio.com/pattern.php?id=10129&cid=1
Baby & Children 38-19,https://www.garnstudio.com/pattern.php?id=10128&cid=1
Baby & Children 38-16,https://www.garnstudio.com/pattern.php?id=10127&cid=1
Baby & Children 38-14,https://www.garnstudio.com/pattern.php?id=10125&cid=1
Baby & Children 38-12,https://www.garnstudio.com/pattern.php?id=10124&cid=1
Baby & Children 38-15,https://www.garnstudio.com/pattern.php?id=10123&cid=1
Baby & Children 38-11,https://www.garnstudio.com/pattern.php?id=10122&cid=1
Baby & Children 38-10,https://www.garnstudio.com/pattern.php?id=10121&cid=1
Baby & Children 38-9,https://www.garnstudio.com/pattern.php?id=10120&cid=1
Baby & Children 38-8,https://www.garnstudio.com/pattern.php?id=10119&cid=1
Baby & Children 38-7,https://www.garnstudio.com/pattern.php?id=10118&cid=1
Baby & Children 38-6,https://www.garnstudio.com/pattern.php?id=10117&cid=1
Baby & Children 38-5,https://www.garnstudio.com/pattern.php?id=10116&cid=1
Baby & Children 38-4,https://www.garnstudio.com/pattern.php?id=10115&cid=1
Baby & Children 38-3,https://www.garnstudio.com/pattern.php?id=10114&cid=1
Baby & Children 38-2,https://www.garnstudio.com/pattern.php?id=10113&cid=1
222-16,https://www.garnstudio.com/pattern.php?id=10111&cid=1
222-15,https://www.garnstudio.com/pattern.php?id=10110&cid=1
222-22,https://www.garnstudio.com/pattern.php?id=10109&cid=1
222-21,https://www.garnstudio.com/pattern.php?id=10108&cid=1
222-28,https://www.garnstudio.com/pattern.php?id=10107&cid=1
222-23,https://www.garnstudio.com/pattern.php?id=10106&cid=1
222-24,https://www.garnstudio.com/pattern.php?id=10105&cid=1
223-23,https://www.garnstudio.com/pattern.php?id=10104&cid=1
222-27,https://www.garnstudio.com/pattern.php?id=10103&cid=1
222-37,https://www.garnstudio.com/pattern.php?id=10102&cid=1
222-29,https://www.garnstudio.com/pattern.php?id=10101&cid=1
220-10,https://www.garnstudio.com/pattern.php?id=10100&cid=1
220-9,https://www.garnstudio.com/pattern.php?id=10099&cid=1
Extra 0-1530,https://www.garnstudio.com/pattern.php?id=10098&cid=1
Extra 0-1529,https://www.garnstudio.com/pattern.php?id=10097&cid=1
Extra 0-1528,https://www.garnstudio.com/pattern.php?id=10096&cid=1
Extra 0-1527,https://www.garnstudio.com/pattern.php?id=10095&cid=1
Extra 0-1526,https://www.garnstudio.com/pattern.php?id=10094&cid=1
Extra 0-1525,https://www.garnstudio.com/pattern.php?id=10093&cid=1
220-7,https://www.garnstudio.com/pattern.php?id=10090&cid=1
220-16,https://www.garnstudio.com/pattern.php?id=10089&cid=1
220-12,https://www.garnstudio.com/pattern.php?id=10088&cid=1
220-11,https://www.garnstudio.com/pattern.php?id=10087&cid=1
223-22,https://www.garnstudio.com/pattern.php?id=10086&cid=1
219-22,https://www.garnstudio.com/pattern.php?id=10085&cid=1
214-73,https://www.garnstudio.com/pattern.php?id=10084&cid=1
214-72,https://www.garnstudio.com/pattern.php?id=10083&cid=1
Children 37-28,https://www.garnstudio.com/pattern.php?id=10082&cid=1
Children 37-27,https://www.garnstudio.com/pattern.php?id=10081&cid=1
214-71,https://www.garnstudio.com/pattern.php?id=10080&cid=1
214-70,https://www.garnstudio.com/pattern.php?id=10079&cid=1
220-6,https://www.garnstudio.com/pattern.php?id=10078&cid=1
220-2,https://www.garnstudio.com/pattern.php?id=10077&cid=1
220-1,https://www.garnstudio.com/pattern.php?id=10076&cid=1
220-4,https://www.garnstudio.com/pattern.php?id=10075&cid=1
220-3,https://www.garnstudio.com/pattern.php?id=10074&cid=1
221-3,https://www.garnstudio.com/pattern.php?id=10073&cid=1
221-4,https://www.garnstudio.com/pattern.php?id=10072&cid=1
221-29,https://www.garnstudio.com/pattern.php?id=10071&cid=1
221-19,https://www.garnstudio.com/pattern.php?id=10070&cid=1
221-20,https://www.garnstudio.com/pattern.php?id=10069&cid=1
222-26,https://www.garnstudio.com/pattern.php?id=10068&cid=1
222-25,https://www.garnstudio.com/pattern.php?id=10067&cid=1
222-2,https://www.garnstudio.com/pattern.php?id=10066&cid=1
222-1,https://www.garnstudio.com/pattern.php?id=10065&cid=1
223-8,https://www.garnstudio.com/pattern.php?id=10064&cid=1
223-10,https://www.garnstudio.com/pattern.php?id=10063&cid=1
223-9,https://www.garnstudio.com/pattern.php?id=10062&cid=1
223-15,https://www.garnstudio.com/pattern.php?id=10061&cid=1
223-16,https://www.garnstudio.com/pattern.php?id=10060&cid=1
223-1,https://www.garnstudio.com/pattern.php?id=10059&cid=1
Extra 0-1524,https://www.garnstudio.com/pattern.php?id=10058&cid=1
219-21,https://www.garnstudio.com/pattern.php?id=10057&cid=1
219-20,https://www.garnstudio.com/pattern.php?id=10056&cid=1
219-19,https://www.garnstudio.com/pattern.php?id=10055&cid=1
219-18,https://www.garnstudio.com/pattern.php?id=10054&cid=1
219-17,https://www.garnstudio.com/pattern.php?id=10053&cid=1
215-47,https://www.garnstudio.com/pattern.php?id=10052&cid=1
215-46,https://www.garnstudio.com/pattern.php?id=10051&cid=1
215-43,https://www.garnstudio.com/pattern.php?id=10049&cid=1
215-41,https://www.garnstudio.com/pattern.php?id=10048&cid=1
215-45,https://www.garnstudio.com/pattern.php?id=10047&cid=1
215-42,https://www.garnstudio.com/pattern.php?id=10046&cid=1
Extra 0-1522,https://www.garnstudio.com/pattern.php?id=10044&cid=1
Extra 0-1521,https://www.garnstudio.com/pattern.php?id=10043&cid=1
214-65,https://www.garnstudio.com/pattern.php?id=10035&cid=1
214-62,https://www.garnstudio.com/pattern.php?id=10031&cid=1
214-63,https://www.garnstudio.com/pattern.php?id=10030&cid=1
214-64,https://www.garnstudio.com/pattern.php?id=10028&cid=1
Extra 0-1509,https://www.garnstudio.com/pattern.php?id=10027&cid=1
214-66,https://www.garnstudio.com/pattern.php?id=10025&cid=1
214-69,https://www.garnstudio.com/pattern.php?id=10024&cid=1
Baby 36-15,https://www.garnstudio.com/pattern.php?id=10022&cid=1
219-10,https://www.garnstudio.com/pattern.php?id=10021&cid=1
219-9,https://www.garnstudio.com/pattern.php?id=10020&cid=1
219-12,https://www.garnstudio.com/pattern.php?id=10019&cid=1
219-5,https://www.garnstudio.com/pattern.php?id=10018&cid=1
Extra 0-1505,https://www.garnstudio.com/pattern.php?id=10014&cid=1
Extra 0-1503,https://www.garnstudio.com/pattern.php?id=10012&cid=1
214-67,https://www.garnstudio.com/pattern.php?id=10010&cid=1
214-68,https://www.garnstudio.com/pattern.php?id=10009&cid=1
214-60,https://www.garnstudio.com/pattern.php?id=10008&cid=1
214-59,https://www.garnstudio.com/pattern.php?id=10007&cid=1
214-61,https://www.garnstudio.com/pattern.php?id=10006&cid=1
215-36,https://www.garnstudio.com/pattern.php?id=10005&cid=1
218-29,https://www.garnstudio.com/pattern.php?id=10004&cid=1
218-30,https://www.garnstudio.com/pattern.php?id=10003&cid=1
215-26,https://www.garnstudio.com/pattern.php?id=10002&cid=1
215-24,https://www.garnstudio.com/pattern.php?id=10001&cid=1
215-23,https://www.garnstudio.com/pattern.php?id=10000&cid=1
215-32,https://www.garnstudio.com/pattern.php?id=9999&cid=1
215-31,https://www.garnstudio.com/pattern.php?id=9998&cid=1
214-29,https://www.garnstudio.com/pattern.php?id=9997&cid=1
214-26,https://www.garnstudio.com/pattern.php?id=9996&cid=1
214-34,https://www.garnstudio.com/pattern.php?id=9995&cid=1
214-30,https://www.garnstudio.com/pattern.php?id=9994&cid=1
214-27,https://www.garnstudio.com/pattern.php?id=9993&cid=1
219-8,https://www.garnstudio.com/pattern.php?id=9992&cid=1
219-7,https://www.garnstudio.com/pattern.php?id=9991&cid=1
219-6,https://www.garnstudio.com/pattern.php?id=9990&cid=1
219-14,https://www.garnstudio.com/pattern.php?id=9989&cid=1
219-13,https://www.garnstudio.com/pattern.php?id=9988&cid=1
219-15,https://www.garnstudio.com/pattern.php?id=9987&cid=1
219-11,https://www.garnstudio.com/pattern.php?id=9986&cid=1
219-16,https://www.garnstudio.com/pattern.php?id=9985&cid=1
214-31,https://www.garnstudio.com/pattern.php?id=9984&cid=1
214-15,https://www.garnstudio.com/pattern.php?id=9982&cid=1
214-17,https://www.garnstudio.com/pattern.php?id=9981&cid=1
214-53,https://www.garnstudio.com/pattern.php?id=9974&cid=1
214-54,https://www.garnstudio.com/pattern.php?id=9973&cid=1
214-56,https://www.garnstudio.com/pattern.php?id=9972&cid=1
214-55,https://www.garnstudio.com/pattern.php?id=9971&cid=1
214-57,https://www.garnstudio.com/pattern.php?id=9970&cid=1
217-30,https://www.garnstudio.com/pattern.php?id=9968&cid=1
217-29,https://www.garnstudio.com/pattern.php?id=9967&cid=1
216-21,https://www.garnstudio.com/pattern.php?id=9964&cid=1
216-22,https://www.garnstudio.com/pattern.php?id=9963&cid=1
214-20,https://www.garnstudio.com/pattern.php?id=9961&cid=1
217-11,https://www.garnstudio.com/pattern.php?id=9959&cid=1
217-19,https://www.garnstudio.com/pattern.php?id=9958&cid=1
217-20,https://www.garnstudio.com/pattern.php?id=9957&cid=1
216-28,https://www.garnstudio.com/pattern.php?id=9956&cid=1
218-9,https://www.garnstudio.com/pattern.php?id=9955&cid=1
218-10,https://www.garnstudio.com/pattern.php?id=9954&cid=1
214-32,https://www.garnstudio.com/pattern.php?id=9953&cid=1
214-44,https://www.garnstudio.com/pattern.php?id=9952&cid=1
214-23,https://www.garnstudio.com/pattern.php?id=9950&cid=1
214-33,https://www.garnstudio.com/pattern.php?id=9949&cid=1
Children 37-11,https://www.garnstudio.com/pattern.php?id=9948&cid=1
Children 37-14,https://www.garnstudio.com/pattern.php?id=9946&cid=1
Children 37-12,https://www.garnstudio.com/pattern.php?id=9945&cid=1
Children 37-10,https://www.garnstudio.com/pattern.php?id=9944&cid=1
Extra 0-1501,https://www.garnstudio.com/pattern.php?id=9943&cid=1
Extra 0-1500,https://www.garnstudio.com/pattern.php?id=9942&cid=1
216-27,https://www.garnstudio.com/pattern.php?id=9939&cid=1
216-38,https://www.garnstudio.com/pattern.php?id=9938&cid=1
216-26,https://www.garnstudio.com/pattern.php?id=9937&cid=1
216-24,https://www.garnstudio.com/pattern.php?id=9936&cid=1
216-19,https://www.garnstudio.com/pattern.php?id=9935&cid=1
216-20,https://www.garnstudio.com/pattern.php?id=9934&cid=1
216-23,https://www.garnstudio.com/pattern.php?id=9933&cid=1
215-28,https://www.garnstudio.com/pattern.php?id=9932&cid=1
215-14,https://www.garnstudio.com/pattern.php?id=9931&cid=1
215-13,https://www.garnstudio.com/pattern.php?id=9930&cid=1
216-37,https://www.garnstudio.com/pattern.php?id=9929&cid=1
218-14,https://www.garnstudio.com/pattern.php?id=9928&cid=1
218-13,https://www.garnstudio.com/pattern.php?id=9927&cid=1
216-12,https://www.garnstudio.com/pattern.php?id=9926&cid=1
216-11,https://www.garnstudio.com/pattern.php?id=9925&cid=1
218-36,https://www.garnstudio.com/pattern.php?id=9924&cid=1
218-35,https://www.garnstudio.com/pattern.php?id=9923&cid=1
215-27,https://www.garnstudio.com/pattern.php?id=9922&cid=1
216-35,https://www.garnstudio.com/pattern.php?id=9921&cid=1
216-36,https://www.garnstudio.com/pattern.php?id=9920&cid=1
215-39,https://www.garnstudio.com/pattern.php?id=9919&cid=1
216-33,https://www.garnstudio.com/pattern.php?id=9918&cid=1
216-30,https://www.garnstudio.com/pattern.php?id=9917&cid=1
215-38,https://www.garnstudio.com/pattern.php?id=9916&cid=1
215-37,https://www.garnstudio.com/pattern.php?id=9915&cid=1
216-42,https://www.garnstudio.com/pattern.php?id=9914&cid=1
218-25,https://www.garnstudio.com/pattern.php?id=9913&cid=1
218-26,https://www.garnstudio.com/pattern.php?id=9912&cid=1
215-22,https://www.garnstudio.com/pattern.php?id=9911&cid=1
214-8,https://www.garnstudio.com/pattern.php?id=9908&cid=1
214-11,https://www.garnstudio.com/pattern.php?id=9907&cid=1
214-47,https://www.garnstudio.com/pattern.php?id=9906&cid=1
214-21,https://www.garnstudio.com/pattern.php?id=9905&cid=1
214-18,https://www.garnstudio.com/pattern.php?id=9904&cid=1
214-48,https://www.garnstudio.com/pattern.php?id=9903&cid=1
214-49,https://www.garnstudio.com/pattern.php?id=9902&cid=1
218-23,https://www.garnstudio.com/pattern.php?id=9901&cid=1
216-10,https://www.garnstudio.com/pattern.php?id=9900&cid=1
218-34,https://www.garnstudio.com/pattern.php?id=9899&cid=1
217-32,https://www.garnstudio.com/pattern.php?id=9898&cid=1
217-16,https://www.garnstudio.com/pattern.php?id=9897&cid=1
217-15,https://www.garnstudio.com/pattern.php?id=9896&cid=1
214-50,https://www.garnstudio.com/pattern.php?id=9895&cid=1
217-9,https://www.garnstudio.com/pattern.php?id=9894&cid=1
217-10,https://www.garnstudio.com/pattern.php?id=9893&cid=1
216-18,https://www.garnstudio.com/pattern.php?id=9892&cid=1
217-18,https://www.garnstudio.com/pattern.php?id=9891&cid=1
217-17,https://www.garnstudio.com/pattern.php?id=9890&cid=1
216-41,https://www.garnstudio.com/pattern.php?id=9889&cid=1
218-33,https://www.garnstudio.com/pattern.php?id=9888&cid=1
215-35,https://www.garnstudio.com/pattern.php?id=9887&cid=1
215-34,https://www.garnstudio.com/pattern.php?id=9886&cid=1
217-31,https://www.garnstudio.com/pattern.php?id=9885&cid=1
214-22,https://www.garnstudio.com/pattern.php?id=9884&cid=1
214-40,https://www.garnstudio.com/pattern.php?id=9883&cid=1
214-39,https://www.garnstudio.com/pattern.php?id=9882&cid=1
214-12,https://www.garnstudio.com/pattern.php?id=9881&cid=1
214-36,https://www.garnstudio.com/pattern.php?id=9880&cid=1
214-35,https://www.garnstudio.com/pattern.php?id=9879&cid=1
214-25,https://www.garnstudio.com/pattern.php?id=9878&cid=1
214-37,https://www.garnstudio.com/pattern.php?id=9877&cid=1
215-30,https://www.garnstudio.com/pattern.php?id=9875&cid=1
215-29,https://www.garnstudio.com/pattern.php?id=9874&cid=1
215-12,https://www.garnstudio.com/pattern.php?id=9873&cid=1
217-23,https://www.garnstudio.com/pattern.php?id=9872&cid=1
216-39,https://www.garnstudio.com/pattern.php?id=9871&cid=1
216-40,https://www.garnstudio.com/pattern.php?id=9870&cid=1
214-9,https://www.garnstudio.com/pattern.php?id=9868&cid=1
214-52,https://www.garnstudio.com/pattern.php?id=9867&cid=1
Children 37-17,https://www.garnstudio.com/pattern.php?id=9866&cid=1
Children 37-16,https://www.garnstudio.com/pattern.php?id=9865&cid=1
Children 37-15,https://www.garnstudio.com/pattern.php?id=9864&cid=1
Children 37-8,https://www.garnstudio.com/pattern.php?id=9863&cid=1
216-16,https://www.garnstudio.com/pattern.php?id=9862&cid=1
217-33,https://www.garnstudio.com/pattern.php?id=9858&cid=1
217-34,https://www.garnstudio.com/pattern.php?id=9857&cid=1
215-11,https://www.garnstudio.com/pattern.php?id=9856&cid=1
215-33,https://www.garnstudio.com/pattern.php?id=9855&cid=1
217-14,https://www.garnstudio.com/pattern.php?id=9854&cid=1
218-28,https://www.garnstudio.com/pattern.php?id=9853&cid=1
218-11,https://www.garnstudio.com/pattern.php?id=9852&cid=1
218-12,https://www.garnstudio.com/pattern.php?id=9851&cid=1
218-18,https://www.garnstudio.com/pattern.php?id=9850&cid=1
218-27,https://www.garnstudio.com/pattern.php?id=9849&cid=1
215-10,https://www.garnstudio.com/pattern.php?id=9846&cid=1
215-9,https://www.garnstudio.com/pattern.php?id=9845&cid=1
216-15,https://www.garnstudio.com/pattern.php?id=9844&cid=1
216-14,https://www.garnstudio.com/pattern.php?id=9843&cid=1
216-13,https://www.garnstudio.com/pattern.php?id=9842&cid=1
Children 37-9,https://www.garnstudio.com/pattern.php?id=9841&cid=1
Children 37-7,https://www.garnstudio.com/pattern.php?id=9840&cid=1
Children 37-6,https://www.garnstudio.com/pattern.php?id=9839&cid=1
Children 37-5,https://www.garnstudio.com/pattern.php?id=9838&cid=1
Children 37-4,https://www.garnstudio.com/pattern.php?id=9837&cid=1
Children 37-3,https://www.garnstudio.com/pattern.php?id=9836&cid=1
Children 37-2,https://www.garnstudio.com/pattern.php?id=9835&cid=1
Children 37-1,https://www.garnstudio.com/pattern.php?id=9834&cid=1
Baby 33-34,https://www.garnstudio.com/pattern.php?id=9833&cid=1
Baby 33-17,https://www.garnstudio.com/pattern.php?id=9832&cid=1
Baby 33-18,https://www.garnstudio.com/pattern.php?id=9831&cid=1
Baby 33-33,https://www.garnstudio.com/pattern.php?id=9830&cid=1
Baby 33-24,https://www.garnstudio.com/pattern.php?id=9829&cid=1
Baby 33-21,https://www.garnstudio.com/pattern.php?id=9828&cid=1
Baby 33-9,https://www.garnstudio.com/pattern.php?id=9827&cid=1
Baby 33-10,https://www.garnstudio.com/pattern.php?id=9826&cid=1
Baby 33-20,https://www.garnstudio.com/pattern.php?id=9825&cid=1
217-12,https://www.garnstudio.com/pattern.php?id=9824&cid=1
218-22,https://www.garnstudio.com/pattern.php?id=9823&cid=1
218-17,https://www.garnstudio.com/pattern.php?id=9822&cid=1
218-16,https://www.garnstudio.com/pattern.php?id=9821&cid=1
218-15,https://www.garnstudio.com/pattern.php?id=9820&cid=1
Baby 33-19,https://www.garnstudio.com/pattern.php?id=9819&cid=1
Baby 33-32,https://www.garnstudio.com/pattern.php?id=9818&cid=1
216-5,https://www.garnstudio.com/pattern.php?id=9815&cid=1
216-25,https://www.garnstudio.com/pattern.php?id=9814&cid=1
218-24,https://www.garnstudio.com/pattern.php?id=9813&cid=1
216-31,https://www.garnstudio.com/pattern.php?id=9812&cid=1
217-24,https://www.garnstudio.com/pattern.php?id=9811&cid=1
218-4,https://www.garnstudio.com/pattern.php?id=9810&cid=1
218-8,https://www.garnstudio.com/pattern.php?id=9809&cid=1
217-36,https://www.garnstudio.com/pattern.php?id=9808&cid=1
215-40,https://www.garnstudio.com/pattern.php?id=9807&cid=1
216-4,https://www.garnstudio.com/pattern.php?id=9806&cid=1
215-18,https://www.garnstudio.com/pattern.php?id=9805&cid=1
215-17,https://www.garnstudio.com/pattern.php?id=9804&cid=1
215-16,https://www.garnstudio.com/pattern.php?id=9803&cid=1
215-15,https://www.garnstudio.com/pattern.php?id=9802&cid=1
215-3,https://www.garnstudio.com/pattern.php?id=9801&cid=1
215-4,https://www.garnstudio.com/pattern.php?id=9800&cid=1
218-3,https://www.garnstudio.com/pattern.php?id=9799&cid=1
217-3,https://www.garnstudio.com/pattern.php?id=9798&cid=1
217-4,https://www.garnstudio.com/pattern.php?id=9797&cid=1
217-13,https://www.garnstudio.com/pattern.php?id=9796&cid=1
217-35,https://www.garnstudio.com/pattern.php?id=9795&cid=1
218-21,https://www.garnstudio.com/pattern.php?id=9794&cid=1
216-29,https://www.garnstudio.com/pattern.php?id=9793&cid=1
214-42,https://www.garnstudio.com/pattern.php?id=9791&cid=1
214-19,https://www.garnstudio.com/pattern.php?id=9790&cid=1
214-3,https://www.garnstudio.com/pattern.php?id=9789&cid=1
214-14,https://www.garnstudio.com/pattern.php?id=9787&cid=1
216-1,https://www.garnstudio.com/pattern.php?id=9785&cid=1
216-2,https://www.garnstudio.com/pattern.php?id=9784&cid=1
216-3,https://www.garnstudio.com/pattern.php?id=9783&cid=1
215-21,https://www.garnstudio.com/pattern.php?id=9782&cid=1
216-9,https://www.garnstudio.com/pattern.php?id=9781&cid=1
217-22,https://www.garnstudio.com/pattern.php?id=9780&cid=1
217-21,https://www.garnstudio.com/pattern.php?id=9779&cid=1
216-6,https://www.garnstudio.com/pattern.php?id=9778&cid=1
219-4,https://www.garnstudio.com/pattern.php?id=9776&cid=1
219-3,https://www.garnstudio.com/pattern.php?id=9775&cid=1
219-2,https://www.garnstudio.com/pattern.php?id=9774&cid=1
219-1,https://www.garnstudio.com/pattern.php?id=9773&cid=1
218-7,https://www.garnstudio.com/pattern.php?id=9772&cid=1
215-1,https://www.garnstudio.com/pattern.php?id=9771&cid=1
215-2,https://www.garnstudio.com/pattern.php?id=9770&cid=1
215-6,https://www.garnstudio.com/pattern.php?id=9769&cid=1
215-5,https://www.garnstudio.com/pattern.php?id=9768&cid=1
217-26,https://www.garnstudio.com/pattern.php?id=9767&cid=1
217-25,https://www.garnstudio.com/pattern.php?id=9766&cid=1
214-13,https://www.garnstudio.com/pattern.php?id=9765&cid=1
214-2,https://www.garnstudio.com/pattern.php?id=9764&cid=1
214-1,https://www.garnstudio.com/pattern.php?id=9763&cid=1
214-4,https://www.garnstudio.com/pattern.php?id=9762&cid=1
214-6,https://www.garnstudio.com/pattern.php?id=9761&cid=1
217-8,https://www.garnstudio.com/pattern.php?id=9760&cid=1
217-7,https://www.garnstudio.com/pattern.php?id=9759&cid=1
215-20,https://www.garnstudio.com/pattern.php?id=9758&cid=1
215-19,https://www.garnstudio.com/pattern.php?id=9757&cid=1
218-1,https://www.garnstudio.com/pattern.php?id=9756&cid=1
218-2,https://www.garnstudio.com/pattern.php?id=9755&cid=1
217-1,https://www.garnstudio.com/pattern.php?id=9754&cid=1
217-2,https://www.garnstudio.com/pattern.php?id=9753&cid=1
214-16,https://www.garnstudio.com/pattern.php?id=9752&cid=1
218-5,https://www.garnstudio.com/pattern.php?id=9751&cid=1
218-6,https://www.garnstudio.com/pattern.php?id=9750&cid=1
215-7,https://www.garnstudio.com/pattern.php?id=9749&cid=1
215-8,https://www.garnstudio.com/pattern.php?id=9748&cid=1
216-8,https://www.garnstudio.com/pattern.php?id=9747&cid=1
216-7,https://www.garnstudio.com/pattern.php?id=9746&cid=1
Children 37-20,https://www.garnstudio.com/pattern.php?id=9744&cid=1
Children 37-19,https://www.garnstudio.com/pattern.php?id=9743&cid=1
Children 37-18,https://www.garnstudio.com/pattern.php?id=9742&cid=1
Extra 0-1495,https://www.garnstudio.com/pattern.php?id=9737&cid=1
Extra 0-1493,https://www.garnstudio.com/pattern.php?id=9735&cid=1
Extra 0-1492,https://www.garnstudio.com/pattern.php?id=9734&cid=1
Extra 0-1491,https://www.garnstudio.com/pattern.php?id=9733&cid=1
213-8,https://www.garnstudio.com/pattern.php?id=9730&cid=1
213-22,https://www.garnstudio.com/pattern.php?id=9729&cid=1
213-21,https://www.garnstudio.com/pattern.php?id=9728&cid=1
212-38,https://www.garnstudio.com/pattern.php?id=9727&cid=1
211-15,https://www.garnstudio.com/pattern.php?id=9726&cid=1
211-10,https://www.garnstudio.com/pattern.php?id=9725&cid=1
211-13,https://www.garnstudio.com/pattern.php?id=9724&cid=1
212-37,https://www.garnstudio.com/pattern.php?id=9722&cid=1
211-19,https://www.garnstudio.com/pattern.php?id=9720&cid=1
213-13,https://www.garnstudio.com/pattern.php?id=9719&cid=1
213-14,https://www.garnstudio.com/pattern.php?id=9718&cid=1
210-37,https://www.garnstudio.com/pattern.php?id=9715&cid=1
212-41,https://www.garnstudio.com/pattern.php?id=9714&cid=1
213-19,https://www.garnstudio.com/pattern.php?id=9713&cid=1
212-27,https://www.garnstudio.com/pattern.php?id=9712&cid=1
Baby 33-22,https://www.garnstudio.com/pattern.php?id=9711&cid=1
Baby 33-23,https://www.garnstudio.com/pattern.php?id=9710&cid=1
Baby 33-38,https://www.garnstudio.com/pattern.php?id=9709&cid=1
213-34,https://www.garnstudio.com/pattern.php?id=9708&cid=1
213-23,https://www.garnstudio.com/pattern.php?id=9707&cid=1
213-24,https://www.garnstudio.com/pattern.php?id=9706&cid=1
212-39,https://www.garnstudio.com/pattern.php?id=9705&cid=1
212-40,https://www.garnstudio.com/pattern.php?id=9704&cid=1
212-23,https://www.garnstudio.com/pattern.php?id=9703&cid=1
212-24,https://www.garnstudio.com/pattern.php?id=9702&cid=1
209-9,https://www.garnstudio.com/pattern.php?id=9701&cid=1
211-11,https://www.garnstudio.com/pattern.php?id=9697&cid=1
211-9,https://www.garnstudio.com/pattern.php?id=9696&cid=1
211-18,https://www.garnstudio.com/pattern.php?id=9695&cid=1
211-12,https://www.garnstudio.com/pattern.php?id=9694&cid=1
212-10,https://www.garnstudio.com/pattern.php?id=9693&cid=1
212-15,https://www.garnstudio.com/pattern.php?id=9692&cid=1
211-5,https://www.garnstudio.com/pattern.php?id=9689&cid=1
211-16,https://www.garnstudio.com/pattern.php?id=9688&cid=1
213-32,https://www.garnstudio.com/pattern.php?id=9687&cid=1
210-32,https://www.garnstudio.com/pattern.php?id=9686&cid=1
213-17,https://www.garnstudio.com/pattern.php?id=9685&cid=1
210-14,https://www.garnstudio.com/pattern.php?id=9684&cid=1
213-18,https://www.garnstudio.com/pattern.php?id=9683&cid=1
Extra 0-1490,https://www.garnstudio.com/pattern.php?id=9682&cid=1
Extra 0-1489,https://www.garnstudio.com/pattern.php?id=9681&cid=1
Extra 0-1488,https://www.garnstudio.com/pattern.php?id=9680&cid=1
Extra 0-1487,https://www.garnstudio.com/pattern.php?id=9679&cid=1
212-42,https://www.garnstudio.com/pattern.php?id=9677&cid=1
210-31,https://www.garnstudio.com/pattern.php?id=9674&cid=1
210-30,https://www.garnstudio.com/pattern.php?id=9673&cid=1
210-29,https://www.garnstudio.com/pattern.php?id=9672&cid=1
210-16,https://www.garnstudio.com/pattern.php?id=9671&cid=1
210-15,https://www.garnstudio.com/pattern.php?id=9670&cid=1
210-13,https://www.garnstudio.com/pattern.php?id=9669&cid=1
210-33,https://www.garnstudio.com/pattern.php?id=9668&cid=1
212-12,https://www.garnstudio.com/pattern.php?id=9667&cid=1
212-11,https://www.garnstudio.com/pattern.php?id=9666&cid=1
211-4,https://www.garnstudio.com/pattern.php?id=9665&cid=1
211-3,https://www.garnstudio.com/pattern.php?id=9664&cid=1
212-7,https://www.garnstudio.com/pattern.php?id=9663&cid=1
212-8,https://www.garnstudio.com/pattern.php?id=9662&cid=1
210-34,https://www.garnstudio.com/pattern.php?id=9661&cid=1
212-30,https://www.garnstudio.com/pattern.php?id=9660&cid=1
212-29,https://www.garnstudio.com/pattern.php?id=9659&cid=1
212-32,https://www.garnstudio.com/pattern.php?id=9658&cid=1
212-31,https://www.garnstudio.com/pattern.php?id=9657&cid=1
213-15,https://www.garnstudio.com/pattern.php?id=9656&cid=1
209-7,https://www.garnstudio.com/pattern.php?id=9655&cid=1
213-20,https://www.garnstudio.com/pattern.php?id=9654&cid=1
212-36,https://www.garnstudio.com/pattern.php?id=9653&cid=1
210-18,https://www.garnstudio.com/pattern.php?id=9652&cid=1
210-17,https://www.garnstudio.com/pattern.php?id=9651&cid=1
211-1,https://www.garnstudio.com/pattern.php?id=9650&cid=1
211-2,https://www.garnstudio.com/pattern.php?id=9649&cid=1
209-6,https://www.garnstudio.com/pattern.php?id=9646&cid=1
Extra 0-1485,https://www.garnstudio.com/pattern.php?id=9645&cid=1
Extra 0-1484,https://www.garnstudio.com/pattern.php?id=9644&cid=1
Extra 0-1482,https://www.garnstudio.com/pattern.php?id=9642&cid=1
211-22,https://www.garnstudio.com/pattern.php?id=9641&cid=1
212-21,https://www.garnstudio.com/pattern.php?id=9640&cid=1
211-20,https://www.garnstudio.com/pattern.php?id=9639&cid=1
212-16,https://www.garnstudio.com/pattern.php?id=9637&cid=1
210-5,https://www.garnstudio.com/pattern.php?id=9636&cid=1
213-16,https://www.garnstudio.com/pattern.php?id=9635&cid=1
213-36,https://www.garnstudio.com/pattern.php?id=9634&cid=1
210-24,https://www.garnstudio.com/pattern.php?id=9633&cid=1
213-5,https://www.garnstudio.com/pattern.php?id=9632&cid=1
213-6,https://www.garnstudio.com/pattern.php?id=9631&cid=1
210-22,https://www.garnstudio.com/pattern.php?id=9630&cid=1
210-23,https://www.garnstudio.com/pattern.php?id=9629&cid=1
40-25,https://www.garnstudio.com/pattern.php?id=9628&cid=1
209-24,https://www.garnstudio.com/pattern.php?id=9627&cid=1
209-19,https://www.garnstudio.com/pattern.php?id=9626&cid=1
209-22,https://www.garnstudio.com/pattern.php?id=9625&cid=1
209-21,https://www.garnstudio.com/pattern.php?id=9624&cid=1
209-20,https://www.garnstudio.com/pattern.php?id=9623&cid=1
209-18,https://www.garnstudio.com/pattern.php?id=9622&cid=1
209-25,https://www.garnstudio.com/pattern.php?id=9621&cid=1
209-26,https://www.garnstudio.com/pattern.php?id=9620&cid=1
209-13,https://www.garnstudio.com/pattern.php?id=9619&cid=1
209-16,https://www.garnstudio.com/pattern.php?id=9618&cid=1
209-15,https://www.garnstudio.com/pattern.php?id=9617&cid=1
209-14,https://www.garnstudio.com/pattern.php?id=9616&cid=1
203-10,https://www.garnstudio.com/pattern.php?id=9612&cid=1
203-9,https://www.garnstudio.com/pattern.php?id=9611&cid=1
204-58,https://www.garnstudio.com/pattern.php?id=9610&cid=1
204-45,https://www.garnstudio.com/pattern.php?id=9609&cid=1
204-9,https://www.garnstudio.com/pattern.php?id=9608&cid=1
212-45,https://www.garnstudio.com/pattern.php?id=9607&cid=1
212-44,https://www.garnstudio.com/pattern.php?id=9606&cid=1
210-28,https://www.garnstudio.com/pattern.php?id=9605&cid=1
212-17,https://www.garnstudio.com/pattern.php?id=9604&cid=1
210-4,https://www.garnstudio.com/pattern.php?id=9603&cid=1
210-35,https://www.garnstudio.com/pattern.php?id=9602&cid=1
208-17,https://www.garnstudio.com/pattern.php?id=9601&cid=1
208-16,https://www.garnstudio.com/pattern.php?id=9600&cid=1
208-11,https://www.garnstudio.com/pattern.php?id=9599&cid=1
Baby 36-14,https://www.garnstudio.com/pattern.php?id=9598&cid=1
Baby 36-13,https://www.garnstudio.com/pattern.php?id=9597&cid=1
Baby 36-11,https://www.garnstudio.com/pattern.php?id=9596&cid=1
Baby 36-10,https://www.garnstudio.com/pattern.php?id=9595&cid=1
Baby 36-9,https://www.garnstudio.com/pattern.php?id=9594&cid=1
Baby 36-8,https://www.garnstudio.com/pattern.php?id=9593&cid=1
Baby 36-7,https://www.garnstudio.com/pattern.php?id=9592&cid=1
209-17,https://www.garnstudio.com/pattern.php?id=9591&cid=1
209-23,https://www.garnstudio.com/pattern.php?id=9590&cid=1
203-34,https://www.garnstudio.com/pattern.php?id=9589&cid=1
203-37,https://www.garnstudio.com/pattern.php?id=9588&cid=1
203-24,https://www.garnstudio.com/pattern.php?id=9587&cid=1
203-35,https://www.garnstudio.com/pattern.php?id=9586&cid=1
211-24,https://www.garnstudio.com/pattern.php?id=9585&cid=1
Children 34-34,https://www.garnstudio.com/pattern.php?id=9583&cid=1
208-4,https://www.garnstudio.com/pattern.php?id=9582&cid=1
208-8,https://www.garnstudio.com/pattern.php?id=9581&cid=1
208-15,https://www.garnstudio.com/pattern.php?id=9580&cid=1
213-30,https://www.garnstudio.com/pattern.php?id=9579&cid=1
213-29,https://www.garnstudio.com/pattern.php?id=9578&cid=1
Baby 36-6,https://www.garnstudio.com/pattern.php?id=9577&cid=1
Baby 36-5,https://www.garnstudio.com/pattern.php?id=9576&cid=1
Baby 36-4,https://www.garnstudio.com/pattern.php?id=9575&cid=1
Baby 36-2,https://www.garnstudio.com/pattern.php?id=9573&cid=1
Baby 36-1,https://www.garnstudio.com/pattern.php?id=9572&cid=1
210-20,https://www.garnstudio.com/pattern.php?id=9571&cid=1
212-19,https://www.garnstudio.com/pattern.php?id=9570&cid=1
212-18,https://www.garnstudio.com/pattern.php?id=9569&cid=1
204-53,https://www.garnstudio.com/pattern.php?id=9568&cid=1
206-42,https://www.garnstudio.com/pattern.php?id=9567&cid=1
210-19,https://www.garnstudio.com/pattern.php?id=9566&cid=1
210-11,https://www.garnstudio.com/pattern.php?id=9565&cid=1
210-21,https://www.garnstudio.com/pattern.php?id=9564&cid=1
210-26,https://www.garnstudio.com/pattern.php?id=9563&cid=1
210-25,https://www.garnstudio.com/pattern.php?id=9562&cid=1
212-43,https://www.garnstudio.com/pattern.php?id=9560&cid=1
212-6,https://www.garnstudio.com/pattern.php?id=9559&cid=1
212-5,https://www.garnstudio.com/pattern.php?id=9558&cid=1
212-9,https://www.garnstudio.com/pattern.php?id=9557&cid=1
213-7,https://www.garnstudio.com/pattern.php?id=9556&cid=1
209-11,https://www.garnstudio.com/pattern.php?id=9555&cid=1
213-3,https://www.garnstudio.com/pattern.php?id=9554&cid=1
212-33,https://www.garnstudio.com/pattern.php?id=9553&cid=1
213-26,https://www.garnstudio.com/pattern.php?id=9552&cid=1
213-25,https://www.garnstudio.com/pattern.php?id=9551&cid=1
213-2,https://www.garnstudio.com/pattern.php?id=9550&cid=1
213-1,https://www.garnstudio.com/pattern.php?id=9549&cid=1
213-11,https://www.garnstudio.com/pattern.php?id=9548&cid=1
213-12,https://www.garnstudio.com/pattern.php?id=9547&cid=1
210-6,https://www.garnstudio.com/pattern.php?id=9546&cid=1
210-36,https://www.garnstudio.com/pattern.php?id=9545&cid=1
209-1,https://www.garnstudio.com/pattern.php?id=9544&cid=1
210-38,https://www.garnstudio.com/pattern.php?id=9543&cid=1
212-20,https://www.garnstudio.com/pattern.php?id=9542&cid=1
210-27,https://www.garnstudio.com/pattern.php?id=9541&cid=1
212-22,https://www.garnstudio.com/pattern.php?id=9540&cid=1
213-33,https://www.garnstudio.com/pattern.php?id=9539&cid=1
210-3,https://www.garnstudio.com/pattern.php?id=9538&cid=1
210-2,https://www.garnstudio.com/pattern.php?id=9536&cid=1
210-1,https://www.garnstudio.com/pattern.php?id=9535&cid=1
210-10,https://www.garnstudio.com/pattern.php?id=9534&cid=1
210-9,https://www.garnstudio.com/pattern.php?id=9533&cid=1
212-4,https://www.garnstudio.com/pattern.php?id=9532&cid=1
212-3,https://www.garnstudio.com/pattern.php?id=9531&cid=1
213-4,https://www.garnstudio.com/pattern.php?id=9530&cid=1
213-27,https://www.garnstudio.com/pattern.php?id=9529&cid=1
213-28,https://www.garnstudio.com/pattern.php?id=9528&cid=1
212-14,https://www.garnstudio.com/pattern.php?id=9527&cid=1
213-10,https://www.garnstudio.com/pattern.php?id=9526&cid=1
213-9,https://www.garnstudio.com/pattern.php?id=9525&cid=1
212-1,https://www.garnstudio.com/pattern.php?id=9524&cid=1
212-2,https://www.garnstudio.com/pattern.php?id=9523&cid=1
212-35,https://www.garnstudio.com/pattern.php?id=9522&cid=1
212-34,https://www.garnstudio.com/pattern.php?id=9521&cid=1
212-28,https://www.garnstudio.com/pattern.php?id=9520&cid=1
212-13,https://www.garnstudio.com/pattern.php?id=9519&cid=1
212-25,https://www.garnstudio.com/pattern.php?id=9518&cid=1
212-26,https://www.garnstudio.com/pattern.php?id=9517&cid=1
Children 34-36,https://www.garnstudio.com/pattern.php?id=9516&cid=1
Children 34-35,https://www.garnstudio.com/pattern.php?id=9515&cid=1
204-54,https://www.garnstudio.com/pattern.php?id=9514&cid=1
204-35,https://www.garnstudio.com/pattern.php?id=9513&cid=1
204-32,https://www.garnstudio.com/pattern.php?id=9512&cid=1
204-34,https://www.garnstudio.com/pattern.php?id=9511&cid=1
205-31,https://www.garnstudio.com/pattern.php?id=9510&cid=1
205-10,https://www.garnstudio.com/pattern.php?id=9509&cid=1
205-43,https://www.garnstudio.com/pattern.php?id=9508&cid=1
206-43,https://www.garnstudio.com/pattern.php?id=9507&cid=1
205-42,https://www.garnstudio.com/pattern.php?id=9506&cid=1
205-41,https://www.garnstudio.com/pattern.php?id=9505&cid=1
204-50,https://www.garnstudio.com/pattern.php?id=9504&cid=1
204-42,https://www.garnstudio.com/pattern.php?id=9502&cid=1
204-38,https://www.garnstudio.com/pattern.php?id=9501&cid=1
205-9,https://www.garnstudio.com/pattern.php?id=9499&cid=1
206-24,https://www.garnstudio.com/pattern.php?id=9498&cid=1
Children 26-18,https://www.garnstudio.com/pattern.php?id=9497&cid=1
205-34,https://www.garnstudio.com/pattern.php?id=9496&cid=1
205-29,https://www.garnstudio.com/pattern.php?id=9495&cid=1
207-40,https://www.garnstudio.com/pattern.php?id=9494&cid=1
205-48,https://www.garnstudio.com/pattern.php?id=9493&cid=1
206-44,https://www.garnstudio.com/pattern.php?id=9492&cid=1
205-52,https://www.garnstudio.com/pattern.php?id=9491&cid=1
208-10,https://www.garnstudio.com/pattern.php?id=9490&cid=1
208-14,https://www.garnstudio.com/pattern.php?id=9489&cid=1
208-12,https://www.garnstudio.com/pattern.php?id=9488&cid=1
204-21,https://www.garnstudio.com/pattern.php?id=9487&cid=1
Baby 36-12,https://www.garnstudio.com/pattern.php?id=9486&cid=1
Children 32-21,https://www.garnstudio.com/pattern.php?id=9485&cid=1
Children 32-20,https://www.garnstudio.com/pattern.php?id=9484&cid=1
206-28,https://www.garnstudio.com/pattern.php?id=9483&cid=1
206-31,https://www.garnstudio.com/pattern.php?id=9482&cid=1
205-17,https://www.garnstudio.com/pattern.php?id=9481&cid=1
206-25,https://www.garnstudio.com/pattern.php?id=9480&cid=1
207-25,https://www.garnstudio.com/pattern.php?id=9479&cid=1
205-24,https://www.garnstudio.com/pattern.php?id=9478&cid=1
205-47,https://www.garnstudio.com/pattern.php?id=9477&cid=1
205-35,https://www.garnstudio.com/pattern.php?id=9473&cid=1
Extra 0-1478,https://www.garnstudio.com/pattern.php?id=9472&cid=1
205-36,https://www.garnstudio.com/pattern.php?id=9471&cid=1
207-34,https://www.garnstudio.com/pattern.php?id=9470&cid=1
207-33,https://www.garnstudio.com/pattern.php?id=9469&cid=1
206-27,https://www.garnstudio.com/pattern.php?id=9467&cid=1
206-26,https://www.garnstudio.com/pattern.php?id=9465&cid=1
207-35,https://www.garnstudio.com/pattern.php?id=9464&cid=1
207-36,https://www.garnstudio.com/pattern.php?id=9463&cid=1
Extra 0-1475,https://www.garnstudio.com/pattern.php?id=9462&cid=1
Extra 0-1470,https://www.garnstudio.com/pattern.php?id=9457&cid=1
Extra 0-1469,https://www.garnstudio.com/pattern.php?id=9456&cid=1
Extra 0-1467,https://www.garnstudio.com/pattern.php?id=9454&cid=1
Extra 0-1464,https://www.garnstudio.com/pattern.php?id=9451&cid=1
Children 34-30,https://www.garnstudio.com/pattern.php?id=9450&cid=1
Extra 0-1462,https://www.garnstudio.com/pattern.php?id=9448&cid=1
Extra 0-1461,https://www.garnstudio.com/pattern.php?id=9447&cid=1
204-55,https://www.garnstudio.com/pattern.php?id=9446&cid=1
204-20,https://www.garnstudio.com/pattern.php?id=9445&cid=1
204-52,https://www.garnstudio.com/pattern.php?id=9444&cid=1
Extra 0-1460,https://www.garnstudio.com/pattern.php?id=9443&cid=1
204-22,https://www.garnstudio.com/pattern.php?id=9442&cid=1
204-36,https://www.garnstudio.com/pattern.php?id=9441&cid=1
204-23,https://www.garnstudio.com/pattern.php?id=9440&cid=1
204-24,https://www.garnstudio.com/pattern.php?id=9439&cid=1
Extra 0-1459,https://www.garnstudio.com/pattern.php?id=9438&cid=1
204-49,https://www.garnstudio.com/pattern.php?id=9437&cid=1
208-9,https://www.garnstudio.com/pattern.php?id=9436&cid=1
208-6,https://www.garnstudio.com/pattern.php?id=9435&cid=1
208-3,https://www.garnstudio.com/pattern.php?id=9434&cid=1
208-1,https://www.garnstudio.com/pattern.php?id=9433&cid=1
204-41,https://www.garnstudio.com/pattern.php?id=9432&cid=1
204-37,https://www.garnstudio.com/pattern.php?id=9431&cid=1
207-31,https://www.garnstudio.com/pattern.php?id=9430&cid=1
206-39,https://www.garnstudio.com/pattern.php?id=9429&cid=1
205-28,https://www.garnstudio.com/pattern.php?id=9428&cid=1
206-41,https://www.garnstudio.com/pattern.php?id=9427&cid=1
206-32,https://www.garnstudio.com/pattern.php?id=9426&cid=1
206-23,https://www.garnstudio.com/pattern.php?id=9425&cid=1
206-35,https://www.garnstudio.com/pattern.php?id=9424&cid=1
204-57,https://www.garnstudio.com/pattern.php?id=9423&cid=1
204-31,https://www.garnstudio.com/pattern.php?id=9420&cid=1
206-49,https://www.garnstudio.com/pattern.php?id=9419&cid=1
206-50,https://www.garnstudio.com/pattern.php?id=9418&cid=1
205-38,https://www.garnstudio.com/pattern.php?id=9417&cid=1
205-39,https://www.garnstudio.com/pattern.php?id=9416&cid=1
206-47,https://www.garnstudio.com/pattern.php?id=9415&cid=1
206-48,https://www.garnstudio.com/pattern.php?id=9414&cid=1
206-17,https://www.garnstudio.com/pattern.php?id=9413&cid=1
206-18,https://www.garnstudio.com/pattern.php?id=9412&cid=1
205-13,https://www.garnstudio.com/pattern.php?id=9409&cid=1
207-37,https://www.garnstudio.com/pattern.php?id=9408&cid=1
206-29,https://www.garnstudio.com/pattern.php?id=9407&cid=1
208-18,https://www.garnstudio.com/pattern.php?id=9406&cid=1
208-13,https://www.garnstudio.com/pattern.php?id=9405&cid=1
208-7,https://www.garnstudio.com/pattern.php?id=9404&cid=1
208-2,https://www.garnstudio.com/pattern.php?id=9403&cid=1
203-33,https://www.garnstudio.com/pattern.php?id=9402&cid=1
203-31,https://www.garnstudio.com/pattern.php?id=9401&cid=1
203-36,https://www.garnstudio.com/pattern.php?id=9400&cid=1
Children 34-32,https://www.garnstudio.com/pattern.php?id=9399&cid=1
Children 34-31,https://www.garnstudio.com/pattern.php?id=9398&cid=1
Children 34-33,https://www.garnstudio.com/pattern.php?id=9397&cid=1
208-5,https://www.garnstudio.com/pattern.php?id=9396&cid=1
207-39,https://www.garnstudio.com/pattern.php?id=9393&cid=1
207-38,https://www.garnstudio.com/pattern.php?id=9392&cid=1
207-42,https://www.garnstudio.com/pattern.php?id=9391&cid=1
207-41,https://www.garnstudio.com/pattern.php?id=9390&cid=1
206-9,https://www.garnstudio.com/pattern.php?id=9389&cid=1
206-10,https://www.garnstudio.com/pattern.php?id=9388&cid=1
207-32,https://www.garnstudio.com/pattern.php?id=9385&cid=1
206-45,https://www.garnstudio.com/pattern.php?id=9384&cid=1
205-30,https://www.garnstudio.com/pattern.php?id=9383&cid=1
207-30,https://www.garnstudio.com/pattern.php?id=9380&cid=1
206-40,https://www.garnstudio.com/pattern.php?id=9379&cid=1
203-32,https://www.garnstudio.com/pattern.php?id=9378&cid=1
204-15,https://www.garnstudio.com/pattern.php?id=9376&cid=1
203-29,https://www.garnstudio.com/pattern.php?id=9374&cid=1
203-28,https://www.garnstudio.com/pattern.php?id=9373&cid=1
203-27,https://www.garnstudio.com/pattern.php?id=9371&cid=1
203-26,https://www.garnstudio.com/pattern.php?id=9370&cid=1
203-25,https://www.garnstudio.com/pattern.php?id=9369&cid=1
203-23,https://www.garnstudio.com/pattern.php?id=9368&cid=1
196-42,https://www.garnstudio.com/pattern.php?id=9367&cid=1
196-14,https://www.garnstudio.com/pattern.php?id=9366&cid=1
204-46,https://www.garnstudio.com/pattern.php?id=9363&cid=1
204-14,https://www.garnstudio.com/pattern.php?id=9362&cid=1
204-18,https://www.garnstudio.com/pattern.php?id=9355&cid=1
204-47,https://www.garnstudio.com/pattern.php?id=9354&cid=1
204-44,https://www.garnstudio.com/pattern.php?id=9353&cid=1
204-27,https://www.garnstudio.com/pattern.php?id=9352&cid=1
204-13,https://www.garnstudio.com/pattern.php?id=9351&cid=1
204-25,https://www.garnstudio.com/pattern.php?id=9350&cid=1
204-43,https://www.garnstudio.com/pattern.php?id=9349&cid=1
205-50,https://www.garnstudio.com/pattern.php?id=9348&cid=1
206-30,https://www.garnstudio.com/pattern.php?id=9347&cid=1
207-24,https://www.garnstudio.com/pattern.php?id=9346&cid=1
207-23,https://www.garnstudio.com/pattern.php?id=9345&cid=1
206-12,https://www.garnstudio.com/pattern.php?id=9344&cid=1
206-34,https://www.garnstudio.com/pattern.php?id=9343&cid=1
Baby 33-13,https://www.garnstudio.com/pattern.php?id=9342&cid=1
Baby 33-14,https://www.garnstudio.com/pattern.php?id=9341&cid=1
Baby 33-16,https://www.garnstudio.com/pattern.php?id=9340&cid=1
Baby 33-26,https://www.garnstudio.com/pattern.php?id=9339&cid=1
Baby 33-25,https://www.garnstudio.com/pattern.php?id=9338&cid=1
Baby 33-31,https://www.garnstudio.com/pattern.php?id=9337&cid=1
Baby 33-27,https://www.garnstudio.com/pattern.php?id=9336&cid=1
Baby 33-40,https://www.garnstudio.com/pattern.php?id=9335&cid=1
Baby 33-28,https://www.garnstudio.com/pattern.php?id=9334&cid=1
203-15,https://www.garnstudio.com/pattern.php?id=9333&cid=1
203-18,https://www.garnstudio.com/pattern.php?id=9332&cid=1
203-16,https://www.garnstudio.com/pattern.php?id=9331&cid=1
203-17,https://www.garnstudio.com/pattern.php?id=9329&cid=1
203-13,https://www.garnstudio.com/pattern.php?id=9327&cid=1
203-20,https://www.garnstudio.com/pattern.php?id=9326&cid=1
205-32,https://www.garnstudio.com/pattern.php?id=9325&cid=1
207-17,https://www.garnstudio.com/pattern.php?id=9323&cid=1
Children 34-21,https://www.garnstudio.com/pattern.php?id=9322&cid=1
Children 34-20,https://www.garnstudio.com/pattern.php?id=9321&cid=1
Children 34-25,https://www.garnstudio.com/pattern.php?id=9320&cid=1
Children 34-23,https://www.garnstudio.com/pattern.php?id=9319&cid=1
Children 34-24,https://www.garnstudio.com/pattern.php?id=9318&cid=1
Children 34-22,https://www.garnstudio.com/pattern.php?id=9317&cid=1
207-13,https://www.garnstudio.com/pattern.php?id=9316&cid=1
207-14,https://www.garnstudio.com/pattern.php?id=9315&cid=1
205-27,https://www.garnstudio.com/pattern.php?id=9314&cid=1
205-26,https://www.garnstudio.com/pattern.php?id=9313&cid=1
204-19,https://www.garnstudio.com/pattern.php?id=9312&cid=1
205-22,https://www.garnstudio.com/pattern.php?id=9311&cid=1
205-21,https://www.garnstudio.com/pattern.php?id=9310&cid=1
207-22,https://www.garnstudio.com/pattern.php?id=9309&cid=1
207-21,https://www.garnstudio.com/pattern.php?id=9308&cid=1
204-51,https://www.garnstudio.com/pattern.php?id=9307&cid=1
204-39,https://www.garnstudio.com/pattern.php?id=9306&cid=1
204-12,https://www.garnstudio.com/pattern.php?id=9305&cid=1
204-17,https://www.garnstudio.com/pattern.php?id=9304&cid=1
204-29,https://www.garnstudio.com/pattern.php?id=9303&cid=1
207-10,https://www.garnstudio.com/pattern.php?id=9301&cid=1
205-33,https://www.garnstudio.com/pattern.php?id=9300&cid=1
207-18,https://www.garnstudio.com/pattern.php?id=9299&cid=1
207-43,https://www.garnstudio.com/pattern.php?id=9298&cid=1
205-16,https://www.garnstudio.com/pattern.php?id=9297&cid=1
205-15,https://www.garnstudio.com/pattern.php?id=9296&cid=1
207-16,https://www.garnstudio.com/pattern.php?id=9295&cid=1
206-16,https://www.garnstudio.com/pattern.php?id=9294&cid=1
206-15,https://www.garnstudio.com/pattern.php?id=9293&cid=1
207-15,https://www.garnstudio.com/pattern.php?id=9292&cid=1
206-21,https://www.garnstudio.com/pattern.php?id=9291&cid=1
206-22,https://www.garnstudio.com/pattern.php?id=9290&cid=1
204-11,https://www.garnstudio.com/pattern.php?id=9289&cid=1
207-52,https://www.garnstudio.com/pattern.php?id=9288&cid=1
207-47,https://www.garnstudio.com/pattern.php?id=9287&cid=1
207-50,https://www.garnstudio.com/pattern.php?id=9286&cid=1
207-49,https://www.garnstudio.com/pattern.php?id=9285&cid=1
207-51,https://www.garnstudio.com/pattern.php?id=9284&cid=1
207-54,https://www.garnstudio.com/pattern.php?id=9283&cid=1
207-53,https://www.garnstudio.com/pattern.php?id=9282&cid=1
207-48,https://www.garnstudio.com/pattern.php?id=9281&cid=1
207-46,https://www.garnstudio.com/pattern.php?id=9280&cid=1
206-51,https://www.garnstudio.com/pattern.php?id=9279&cid=1
207-9,https://www.garnstudio.com/pattern.php?id=9278&cid=1
205-20,https://www.garnstudio.com/pattern.php?id=9277&cid=1
205-18,https://www.garnstudio.com/pattern.php?id=9276&cid=1
207-12,https://www.garnstudio.com/pattern.php?id=9275&cid=1
205-5,https://www.garnstudio.com/pattern.php?id=9274&cid=1
205-51,https://www.garnstudio.com/pattern.php?id=9273&cid=1
205-14,https://www.garnstudio.com/pattern.php?id=9272&cid=1
205-1,https://www.garnstudio.com/pattern.php?id=9271&cid=1
205-45,https://www.garnstudio.com/pattern.php?id=9269&cid=1
203-14,https://www.garnstudio.com/pattern.php?id=9267&cid=1
205-23,https://www.garnstudio.com/pattern.php?id=9266&cid=1
207-26,https://www.garnstudio.com/pattern.php?id=9265&cid=1
206-37,https://www.garnstudio.com/pattern.php?id=9263&cid=1
206-20,https://www.garnstudio.com/pattern.php?id=9262&cid=1
205-49,https://www.garnstudio.com/pattern.php?id=9261&cid=1
204-40,https://www.garnstudio.com/pattern.php?id=9260&cid=1
204-8,https://www.garnstudio.com/pattern.php?id=9259&cid=1
207-27,https://www.garnstudio.com/pattern.php?id=9258&cid=1
205-37,https://www.garnstudio.com/pattern.php?id=9257&cid=1
204-10,https://www.garnstudio.com/pattern.php?id=9256&cid=1
203-22,https://www.garnstudio.com/pattern.php?id=9255&cid=1
204-30,https://www.garnstudio.com/pattern.php?id=9254&cid=1
207-2,https://www.garnstudio.com/pattern.php?id=9252&cid=1
204-3,https://www.garnstudio.com/pattern.php?id=9251&cid=1
203-5,https://www.garnstudio.com/pattern.php?id=9250&cid=1
204-4,https://www.garnstudio.com/pattern.php?id=9249&cid=1
205-3,https://www.garnstudio.com/pattern.php?id=9248&cid=1
204-6,https://www.garnstudio.com/pattern.php?id=9247&cid=1
206-5,https://www.garnstudio.com/pattern.php?id=9246&cid=1
207-6,https://www.garnstudio.com/pattern.php?id=9245&cid=1
207-7,https://www.garnstudio.com/pattern.php?id=9244&cid=1
204-7,https://www.garnstudio.com/pattern.php?id=9243&cid=1
204-5,https://www.garnstudio.com/pattern.php?id=9242&cid=1
205-8,https://www.garnstudio.com/pattern.php?id=9241&cid=1
198-41,https://www.garnstudio.com/pattern.php?id=9239&cid=1
198-39,https://www.garnstudio.com/pattern.php?id=9237&cid=1
198-37,https://www.garnstudio.com/pattern.php?id=9235&cid=1
198-36,https://www.garnstudio.com/pattern.php?id=9234&cid=1
205-4,https://www.garnstudio.com/pattern.php?id=9233&cid=1
206-1,https://www.garnstudio.com/pattern.php?id=9232&cid=1
205-2,https://www.garnstudio.com/pattern.php?id=9231&cid=1
206-6,https://www.garnstudio.com/pattern.php?id=9229&cid=1
206-7,https://www.garnstudio.com/pattern.php?id=9228&cid=1
207-5,https://www.garnstudio.com/pattern.php?id=9227&cid=1
207-1,https://www.garnstudio.com/pattern.php?id=9225&cid=1
207-3,https://www.garnstudio.com/pattern.php?id=9223&cid=1
198-34,https://www.garnstudio.com/pattern.php?id=9221&cid=1
198-31,https://www.garnstudio.com/pattern.php?id=9218&cid=1
205-7,https://www.garnstudio.com/pattern.php?id=9214&cid=1
205-6,https://www.garnstudio.com/pattern.php?id=9213&cid=1
206-8,https://www.garnstudio.com/pattern.php?id=9212&cid=1
207-4,https://www.garnstudio.com/pattern.php?id=9211&cid=1
206-3,https://www.garnstudio.com/pattern.php?id=9210&cid=1
206-4,https://www.garnstudio.com/pattern.php?id=9209&cid=1
Children 35-16,https://www.garnstudio.com/pattern.php?id=9208&cid=1
Children 35-15,https://www.garnstudio.com/pattern.php?id=9207&cid=1
Children 35-14,https://www.garnstudio.com/pattern.php?id=9206&cid=1
Children 35-13,https://www.garnstudio.com/pattern.php?id=9205&cid=1
Children 35-12,https://www.garnstudio.com/pattern.php?id=9204&cid=1
206-2,https://www.garnstudio.com/pattern.php?id=9198&cid=1
204-2,https://www.garnstudio.com/pattern.php?id=9197&cid=1
204-1,https://www.garnstudio.com/pattern.php?id=9196&cid=1
203-2,https://www.garnstudio.com/pattern.php?id=9195&cid=1
Children 35-5,https://www.garnstudio.com/pattern.php?id=9192&cid=1
Children 35-4,https://www.garnstudio.com/pattern.php?id=9191&cid=1
Children 35-3,https://www.garnstudio.com/pattern.php?id=9190&cid=1
199-53,https://www.garnstudio.com/pattern.php?id=9183&cid=1
Baby 33-12,https://www.garnstudio.com/pattern.php?id=9180&cid=1
Baby 33-36,https://www.garnstudio.com/pattern.php?id=9179&cid=1
202-18,https://www.garnstudio.com/pattern.php?id=9178&cid=1
202-17,https://www.garnstudio.com/pattern.php?id=9177&cid=1
200-14,https://www.garnstudio.com/pattern.php?id=9176&cid=1
200-15,https://www.garnstudio.com/pattern.php?id=9175&cid=1
200-30,https://www.garnstudio.com/pattern.php?id=9174&cid=1
200-31,https://www.garnstudio.com/pattern.php?id=9173&cid=1
199-39,https://www.garnstudio.com/pattern.php?id=9172&cid=1
199-40,https://www.garnstudio.com/pattern.php?id=9171&cid=1
198-14,https://www.garnstudio.com/pattern.php?id=9169&cid=1
198-18,https://www.garnstudio.com/pattern.php?id=9168&cid=1
198-10,https://www.garnstudio.com/pattern.php?id=9167&cid=1
Baby 33-35,https://www.garnstudio.com/pattern.php?id=9166&cid=1
Baby 33-11,https://www.garnstudio.com/pattern.php?id=9165&cid=1
201-36,https://www.garnstudio.com/pattern.php?id=9159&cid=1
201-35,https://www.garnstudio.com/pattern.php?id=9158&cid=1
200-19,https://www.garnstudio.com/pattern.php?id=9157&cid=1
201-17,https://www.garnstudio.com/pattern.php?id=9156&cid=1
202-20,https://www.garnstudio.com/pattern.php?id=9155&cid=1
199-38,https://www.garnstudio.com/pattern.php?id=9154&cid=1
198-29,https://www.garnstudio.com/pattern.php?id=9153&cid=1
198-28,https://www.garnstudio.com/pattern.php?id=9152&cid=1
198-27,https://www.garnstudio.com/pattern.php?id=9151&cid=1
198-26,https://www.garnstudio.com/pattern.php?id=9150&cid=1
198-25,https://www.garnstudio.com/pattern.php?id=9149&cid=1
198-24,https://www.garnstudio.com/pattern.php?id=9148&cid=1
198-23,https://www.garnstudio.com/pattern.php?id=9147&cid=1
198-22,https://www.garnstudio.com/pattern.php?id=9146&cid=1
201-39,https://www.garnstudio.com/pattern.php?id=9145&cid=1
201-40,https://www.garnstudio.com/pattern.php?id=9144&cid=1
199-30,https://www.garnstudio.com/pattern.php?id=9143&cid=1
202-15,https://www.garnstudio.com/pattern.php?id=9142&cid=1
200-29,https://www.garnstudio.com/pattern.php?id=9141&cid=1
199-43,https://www.garnstudio.com/pattern.php?id=9140&cid=1
199-32,https://www.garnstudio.com/pattern.php?id=9139&cid=1
200-28,https://www.garnstudio.com/pattern.php?id=9138&cid=1
199-26,https://www.garnstudio.com/pattern.php?id=9137&cid=1
201-23,https://www.garnstudio.com/pattern.php?id=9136&cid=1
199-10,https://www.garnstudio.com/pattern.php?id=9135&cid=1
199-11,https://www.garnstudio.com/pattern.php?id=9134&cid=1
201-15,https://www.garnstudio.com/pattern.php?id=9132&cid=1
199-23,https://www.garnstudio.com/pattern.php?id=9131&cid=1
199-42,https://www.garnstudio.com/pattern.php?id=9130&cid=1
199-41,https://www.garnstudio.com/pattern.php?id=9129&cid=1
199-51,https://www.garnstudio.com/pattern.php?id=9128&cid=1
201-37,https://www.garnstudio.com/pattern.php?id=9127&cid=1
202-29,https://www.garnstudio.com/pattern.php?id=9126&cid=1
201-18,https://www.garnstudio.com/pattern.php?id=9125&cid=1
201-19,https://www.garnstudio.com/pattern.php?id=9124&cid=1
202-32,https://www.garnstudio.com/pattern.php?id=9123&cid=1
202-31,https://www.garnstudio.com/pattern.php?id=9122&cid=1
201-33,https://www.garnstudio.com/pattern.php?id=9121&cid=1
201-34,https://www.garnstudio.com/pattern.php?id=9120&cid=1
199-48,https://www.garnstudio.com/pattern.php?id=9119&cid=1
201-20,https://www.garnstudio.com/pattern.php?id=9113&cid=1
202-24,https://www.garnstudio.com/pattern.php?id=9112&cid=1
200-25,https://www.garnstudio.com/pattern.php?id=9111&cid=1
199-37,https://www.garnstudio.com/pattern.php?id=9106&cid=1
202-36,https://www.garnstudio.com/pattern.php?id=9105&cid=1
199-36,https://www.garnstudio.com/pattern.php?id=9104&cid=1
200-23,https://www.garnstudio.com/pattern.php?id=9103&cid=1
200-22,https://www.garnstudio.com/pattern.php?id=9102&cid=1
201-27,https://www.garnstudio.com/pattern.php?id=9101&cid=1
199-20,https://www.garnstudio.com/pattern.php?id=9099&cid=1
199-28,https://www.garnstudio.com/pattern.php?id=9098&cid=1
199-9,https://www.garnstudio.com/pattern.php?id=9095&cid=1
200-24,https://www.garnstudio.com/pattern.php?id=9094&cid=1
199-45,https://www.garnstudio.com/pattern.php?id=9092&cid=1
199-46,https://www.garnstudio.com/pattern.php?id=9091&cid=1
197-20,https://www.garnstudio.com/pattern.php?id=9090&cid=1
202-38,https://www.garnstudio.com/pattern.php?id=9089&cid=1
201-38,https://www.garnstudio.com/pattern.php?id=9088&cid=1
201-24,https://www.garnstudio.com/pattern.php?id=9087&cid=1
199-44,https://www.garnstudio.com/pattern.php?id=9082&cid=1
202-19,https://www.garnstudio.com/pattern.php?id=9081&cid=1
202-28,https://www.garnstudio.com/pattern.php?id=9080&cid=1
199-29,https://www.garnstudio.com/pattern.php?id=9079&cid=1
199-12,https://www.garnstudio.com/pattern.php?id=9078&cid=1
199-24,https://www.garnstudio.com/pattern.php?id=9077&cid=1
202-23,https://www.garnstudio.com/pattern.php?id=9076&cid=1
202-33,https://www.garnstudio.com/pattern.php?id=9075&cid=1
202-34,https://www.garnstudio.com/pattern.php?id=9074&cid=1
200-36,https://www.garnstudio.com/pattern.php?id=9072&cid=1
201-30,https://www.garnstudio.com/pattern.php?id=9071&cid=1
201-29,https://www.garnstudio.com/pattern.php?id=9070&cid=1
201-13,https://www.garnstudio.com/pattern.php?id=9069&cid=1
201-14,https://www.garnstudio.com/pattern.php?id=9068&cid=1
200-26,https://www.garnstudio.com/pattern.php?id=9067&cid=1
200-27,https://www.garnstudio.com/pattern.php?id=9066&cid=1
200-18,https://www.garnstudio.com/pattern.php?id=9065&cid=1
200-17,https://www.garnstudio.com/pattern.php?id=9064&cid=1
198-9,https://www.garnstudio.com/pattern.php?id=9063&cid=1
198-5,https://www.garnstudio.com/pattern.php?id=9062&cid=1
198-17,https://www.garnstudio.com/pattern.php?id=9060&cid=1
198-20,https://www.garnstudio.com/pattern.php?id=9059&cid=1
198-12,https://www.garnstudio.com/pattern.php?id=9058&cid=1
198-13,https://www.garnstudio.com/pattern.php?id=9057&cid=1
Baby 33-39,https://www.garnstudio.com/pattern.php?id=9055&cid=1
Baby 33-30,https://www.garnstudio.com/pattern.php?id=9054&cid=1
Baby 33-29,https://www.garnstudio.com/pattern.php?id=9053&cid=1
Baby 33-15,https://www.garnstudio.com/pattern.php?id=9052&cid=1
201-26,https://www.garnstudio.com/pattern.php?id=9051&cid=1
199-19,https://www.garnstudio.com/pattern.php?id=9050&cid=1
201-25,https://www.garnstudio.com/pattern.php?id=9049&cid=1
201-31,https://www.garnstudio.com/pattern.php?id=9048&cid=1
201-32,https://www.garnstudio.com/pattern.php?id=9047&cid=1
199-18,https://www.garnstudio.com/pattern.php?id=9046&cid=1
196-39,https://www.garnstudio.com/pattern.php?id=9045&cid=1
199-21,https://www.garnstudio.com/pattern.php?id=9042&cid=1
199-22,https://www.garnstudio.com/pattern.php?id=9041&cid=1
200-12,https://www.garnstudio.com/pattern.php?id=9040&cid=1
202-14,https://www.garnstudio.com/pattern.php?id=9039&cid=1
200-11,https://www.garnstudio.com/pattern.php?id=9038&cid=1
202-13,https://www.garnstudio.com/pattern.php?id=9037&cid=1
202-27,https://www.garnstudio.com/pattern.php?id=9036&cid=1
202-26,https://www.garnstudio.com/pattern.php?id=9035&cid=1
202-11,https://www.garnstudio.com/pattern.php?id=9034&cid=1
202-12,https://www.garnstudio.com/pattern.php?id=9033&cid=1
192-59,https://www.garnstudio.com/pattern.php?id=9032&cid=1
192-60,https://www.garnstudio.com/pattern.php?id=9031&cid=1
192-15,https://www.garnstudio.com/pattern.php?id=9030&cid=1
Children 34-19,https://www.garnstudio.com/pattern.php?id=9029&cid=1
Children 34-18,https://www.garnstudio.com/pattern.php?id=9028&cid=1
199-27,https://www.garnstudio.com/pattern.php?id=9026&cid=1
201-12,https://www.garnstudio.com/pattern.php?id=9024&cid=1
201-21,https://www.garnstudio.com/pattern.php?id=9023&cid=1
201-22,https://www.garnstudio.com/pattern.php?id=9022&cid=1
Children 34-17,https://www.garnstudio.com/pattern.php?id=9021&cid=1
Children 34-16,https://www.garnstudio.com/pattern.php?id=9020&cid=1
195-21,https://www.garnstudio.com/pattern.php?id=9019&cid=1
195-26,https://www.garnstudio.com/pattern.php?id=9018&cid=1
194-23,https://www.garnstudio.com/pattern.php?id=9017&cid=1
202-25,https://www.garnstudio.com/pattern.php?id=9016&cid=1
200-5,https://www.garnstudio.com/pattern.php?id=9014&cid=1
202-35,https://www.garnstudio.com/pattern.php?id=9013&cid=1
Children 34-15,https://www.garnstudio.com/pattern.php?id=9012&cid=1
200-10,https://www.garnstudio.com/pattern.php?id=9011&cid=1
200-9,https://www.garnstudio.com/pattern.php?id=9010&cid=1
202-21,https://www.garnstudio.com/pattern.php?id=9009&cid=1
202-22,https://www.garnstudio.com/pattern.php?id=9008&cid=1
202-10,https://www.garnstudio.com/pattern.php?id=9007&cid=1
